sample_id,label_object,label_material,triad_file,triad_file_resolved,sand_type,lysforhold,avstand_cm,position_id,angle_id,diameter_mm,size_group,surface_condition,buried_level,run_id,derivative_S0_410_435,derivative_S0_435_460,derivative_S0_460_485,derivative_S0_485_510,derivative_S0_510_535,derivative_S0_535_560,derivative_S0_560_585,derivative_S0_585_610,derivative_S0_610_645,derivative_S0_645_680,derivative_S0_680_705,derivative_S0_705_730,derivative_S0_730_760,derivative_S0_760_810,derivative_S0_810_860,derivative_S0_860_900,derivative_S0_900_940,derivative_S1_410_435,derivative_S1_435_460,derivative_S1_460_485,derivative_S1_485_510,derivative_S1_510_535,derivative_S1_535_560,derivative_S1_560_585,derivative_S1_585_610,derivative_S1_610_645,derivative_S1_645_680,derivative_S1_680_705,derivative_S1_705_730,derivative_S1_730_760,derivative_S1_760_810,derivative_S1_810_860,derivative_S1_860_900,derivative_S1_900_940,max_0,max_1,max_10,max_11,max_12,max_13,max_14,max_15,max_16,max_17,max_18,max_19,max_2,max_20,max_21,max_22,max_23,max_24,max_25,max_26,max_27,max_28,max_29,max_3,max_30,max_31,max_32,max_33,max_34,max_35,max_4,max_5,max_6,max_7,max_8,max_9,mean_0,mean_1,mean_10,mean_11,mean_12,mean_13,mean_14,mean_15,mean_16,mean_17,mean_18,mean_19,mean_2,mean_20,mean_21,mean_22,mean_23,mean_24,mean_25,mean_26,mean_27,mean_28,mean_29,mean_3,mean_30,mean_31,mean_32,mean_33,mean_34,mean_35,mean_4,mean_5,mean_6,mean_7,mean_8,mean_9,min_0,min_1,min_10,min_11,min_12,min_13,min_14,min_15,min_16,min_17,min_18,min_19,min_2,min_20,min_21,min_22,min_23,min_24,min_25,min_26,min_27,min_28,min_29,min_3,min_30,min_31,min_32,min_33,min_34,min_35,min_4,min_5,min_6,min_7,min_8,min_9,ratio_S0_410_940,ratio_S0_485_610,ratio_S0_560_730,ratio_S1_410_940,ratio_S1_560_730,rms_sensor_0,rms_sensor_1,rms_total,sam_to_aluminium,sam_to_sand,sam_to_steel,std_0,std_1,std_10,std_11,std_12,std_13,std_14,std_15,std_16,std_17,std_18,std_19,std_2,std_20,std_21,std_22,std_23,std_24,std_25,std_26,std_27,std_28,std_29,std_3,std_30,std_31,std_32,std_33,std_34,std_35,std_4,std_5,std_6,std_7,std_8,std_9
S0010,stål_kule,stål,raw/S0010_triad_raw.csv,/home/farr97/mlOGdt/ml/datasets/raw/S0010_triad_raw.csv,torr_sand,lampelys,12,P10,A30,4.5,liten,synlig,0,R10,0.17803945454545456,0.5795650000000001,-1.0823665454545455,0.3247620909090909,-0.9363638181818181,0.7858881818181818,-0.37044518181818176,-1.230386909090909,1.7106801818181816,-0.7115256363636363,0.31659318181818186,-0.18112163636363643,0.24901118181818177,0.3676704545454546,0.40229818181818183,-0.40229818181818183,0.0,0.7954435454545454,-0.941923,0.7483402727272727,-0.011441272727272689,0.7787942727272728,-1.1103593636363636,0.3662185454545454,2.5756377272727273,-2.966007818181818,-0.3811823636363636,0.0,0.0,0.0,0.0,0.0,0.0,0.0,0.0,0.979217,1e-06,-0.43556,0.0,0.0,0.0,1.10632,0.0,0.0,0.805628,0.941923,0.925961,0.0,0.823175,0.736899,1.923764,0.636953,1.21244,4.602386,0.524126,1.009564,0.0,-1e-06,0.0,0.0,0.0,0.0,0.0,0.0,0.0,-0.686666,0.0,1e-06,-1.133198,1e-06,0.0,0.17803945454545456,-0.7521531818181818,-0.43555999999999995,-0.6166816363636364,-0.3676704545454546,0.0,0.40229818181818183,0.0,0.0,0.14647945454545455,0.941923,0.7576044545454547,0.0,0.7483402727272727,0.736899,1.5156932727272727,0.4053339090909091,0.7715524545454545,3.3471901818181817,0.3811823636363636,0.0,0.0,-0.3247620909090909,0.0,0.0,0.0,0.0,0.0,0.0,0.0,-0.9363638181818181,-0.15047563636363637,-0.5209208181818181,-1.751307727272727,-0.04062754545454545,0.0,0.0,-1.034211,-0.43556,-0.753722,-0.808875,0.0,0.0,0.0,0.0,2e-06,0.941923,0.0,0.0,-1e-06,0.736899,1.28251,0.0,0.0,0.0,1e-06,-1.009564,0.0,-0.893094,0.0,0.0,0.0,0.0,0.0,0.0,0.0,-1.373335,-0.551744,-1.041841,-3.399601,-0.446913,0.0,0.1854398694709727,0.24400901778097314,146479.45454545456,405333.9090909091,0.5955114279624578,0.9550336073519916,0.795840138471805,1.5707963267948966,1.5707963267948966,1.8749420387787328,0.0,0.3961127800330011,0.4830797700235062,5.822058658345462e-17,0.30489556124131184,0.42242119188349525,0.0,0.5581660748884364,0.0,0.0,0.32589176303808715,0.0,0.3745696673077957,0.0,0.24819672167782192,0.0,0.32352866095389166,0.3213580503449243,0.3920238231149642,1.201758884840534,0.2448181635284738,0.902981492654639,0.0,0.45058772716785234,0.0,0.0,0.0,0.0,0.0,0.0,0.0,0.34644047364412206,0.2577192728684732,0.2329629533817848,0.7791344299652135,0.13474964105062665
S0024,stål_kule,stål,raw/S0024_triad_raw.csv,/home/farr97/mlOGdt/ml/datasets/raw/S0024_triad_raw.csv,torr_sand,lampelys,8,P11,A30,4.5,liten,synlig,0,R24,-0.08901972727272728,0.17319827272727273,-0.24655981818181816,0.29937054545454544,-1.0733518181818182,1.237312181818182,-0.6798010000000001,-2.7116979999999997,3.049920909090909,-0.8995628181818183,0.7818058181818182,0.08986527272727274,0.06852018181818181,0.0,0.0,0.0,0.0,-1.2337731818181819,0.5079613636363637,-0.22948245454545452,-0.3192680909090909,-0.2306118181818182,-0.11111354545454555,-0.18133281818181812,-1.7275975454545454,2.814888818181818,-1.1048612727272726,0.9667417272727272,-0.3742306363636364,0.41705345454545456,0.0,0.0,0.06182772727272727,-0.06182772727272727,0.0,0.979216,0.0,0.43556,0.0,0.0,0.0,0.0,0.0,0.0,1.611252,0.941923,0.925964,0.877956,0.823175,0.0,1.282513,1.273907,1.21244,8.054177,1.572376,0.0,0.471054,0.893093,0.0,0.0,0.0,0.0,0.680105,0.0,0.753441,0.686668,1.103485,2e-06,3.399605,0.446913,0.0,-0.08901972727272728,-0.9401912727272728,-0.15838545454545455,-0.06852018181818181,0.0,0.0,0.0,0.0,0.0,0.8056260000000001,-0.42814718181818184,0.08417854545454545,0.07981418181818181,-0.1496682727272727,-0.4689363636363636,-0.6995481818181818,-0.8106617272727273,-0.9919945454545455,-2.719592090909091,0.09529672727272726,-1.0095645454545454,-0.042822818181818184,-0.1623812727272727,-0.41705345454545456,0.0,0.0,0.0,0.06182772727272727,0.0,0.13698927272727274,-0.9363625454545456,0.30094963636363636,-0.3788513636363637,-3.0905493636363635,-0.040628454545454544,0.0,-1.958433,-2.068422,-0.43556,-0.753722,0.0,0.0,0.0,0.0,0.0,0.0,-1.883846,0.0,0.0,-1.646351,-0.7369,-2.565018,-3.184753,-3.031097,-14.957756,-1.048248,-2.019129,-0.942106,-0.893095,-0.764598,0.0,0.0,0.0,0.0,0.0,0.0,-2.746666,-0.551746,-1.041843,-7.932411,-0.446913,0.0,0.052541249519943975,-4.392195417076307,805626.0000000001,1.9437884094370514,0.8040834938353543,0.8102016884333791,0.8071483881538661,1.5707963267948966,1.5707963267948966,1.2230660447633732,0.0,0.8139337877970285,0.7246188765364991,0.29365449209448974,0.22725573365784116,0.0,0.0,0.0,0.0,0.0,0.5095226204501621,0.772565070040423,0.27918865067060433,0.264713694040115,0.7193422987165555,0.3717844571058001,1.1273896092478248,1.3688056727569542,1.1589023427980776,6.734141051904474,0.6553942417740777,0.9029819398682748,0.39154395085987936,0.5385560963047565,0.39929828276524393,0.0,0.0,0.0,0.20505937300405994,0.0,0.30478189114450055,1.1187701817607014,0.45254027048612433,0.4095720139228931,3.4405655440440683,0.31312916876885283
S0026,stål_kule,stål,raw/S0026_triad_raw.csv,/home/farr97/mlOGdt/ml/datasets/raw/S0026_triad_raw.csv,torr_sand,lampelys,8,P13,A30,4.5,liten,synlig,0,R26,-0.17803963636363637,0.17803963636363637,-0.16238109090909092,0.29937036363636366,-0.7612311818181818,0.5239240909090909,0.1950301818181818,-0.712822,0.8212519090909091,-0.391181,-0.04953945454545458,0.23757818181818183,0.0,0.0,0.0,0.0,0.0,0.7943395454545454,-0.3483317272727272,-0.15464836363636364,0.2758069090909091,-0.6673414545454546,-0.4022016363636363,0.648123,-3.2313423636363634,3.594732090909091,-1.152507,0.5385113636363636,0.9576156363636363,-0.4865623636363636,0.07330436363636363,-0.07330436363636363,0.0,0.0,0.0,0.0,1.03421,0.0,0.0,0.0,0.0,0.0,0.0,0.0,0.0,1.883846,0.0,0.877956,0.823175,0.7369,1.282509,0.636951,0.606216,3.45179,1.048248,0.0,0.0,0.0,0.764598,0.0,0.806348,0.0,0.0,0.0,0.753441,0.0,0.0,0.520922,1.133202,0.446913,0.0,-0.17803963636363637,-0.18803872727272725,-0.23757818181818183,0.0,0.0,0.0,0.0,0.0,0.0,-0.3661936363636364,0.42814590909090905,0.0,0.07981418181818181,-0.07483418181818181,0.20097272727272728,-0.4663687272727273,-0.8685703636363636,-0.22044736363636364,-3.451789727272727,0.14294236363636367,-1.0095646363636364,-0.47105327272727276,-0.16238109090909092,0.4865623636363636,0.0,0.07330436363636363,0.0,0.0,0.0,0.13698927272727274,-0.624241909090909,-0.10031781818181816,0.09471236363636364,-0.6181096363636364,0.20314227272727273,0.0,-0.979218,-1.034212,-0.43556,0.0,0.0,0.0,0.0,0.0,0.0,-0.805626,-0.941923,0.0,0.0,-1.646351,0.0,-2.565021,-3.184757,-2.424881,-16.108352,-1.04825,-2.019129,-1.41316,-0.893095,0.0,0.0,0.0,0.0,0.0,0.0,0.0,-1.373333,-0.551746,-0.520924,-3.399605,0.0,0.0,0.2627063939186919,-100317.81818181816,-366193.6363636364,-1.7851125435031634,0.23578145603082057,0.907033986426375,0.6626852750516399,1.5707963267948966,1.5707963267948966,1.2523507278404395,0.0,0.3961131845529186,0.6236529094323365,0.22746379148419127,0.0,0.0,0.0,0.0,0.0,0.0,0.42072445697089506,0.7725653582187664,0.0,0.264713694040115,0.6842310395344277,0.34420552317157577,0.9109843606365688,0.9563918713822563,0.8255598813196136,4.881567878910444,0.5288678588833458,0.9029819398682647,0.36487634303530586,0.3612746258071426,0.3857587899771754,0.0,0.24312306967759054,0.0,0.0,0.0,0.30478189114450055,0.37036030046657387,0.22319206660534247,0.3141276948284798,1.2784237646032925,0.23339270236838636
S0004,stål_kule,stål,raw/S0004_triad_raw.csv,/home/farr97/mlOGdt/ml/datasets/raw/S0004_triad_raw.csv,torr_sand,lampelys,12,P4,A30,4.5,liten,synlig,0,R04,0.11471599999999998,-0.435415,0.4119268181818182,-0.31206554545454546,0.8800092727272727,-0.0591366363636362,-0.04203109090909096,-0.3853192727272728,0.22932154545454547,-0.5543491818181818,0.0,3.8116764545454545,-3.4355993636363635,-0.30755690909090905,-0.06852018181818181,0.0,-0.40229818181818183,0.4653187272727273,-0.8446636363636363,0.38413127272727277,-0.023530090909090945,0.3236908181818182,-0.35095,0.3773966363636363,-0.026984454545454617,0.1182195454545455,-0.6423449999999999,0.7230109090909091,2.4149834545454545,-2.7708793636363636,0.25846518181818184,-0.6255801818181819,0.2932174545454545,-0.2932174545454545,0.837887,1.958433,0.0,0.0,19.264415,1.034212,0.753722,0.0,0.0,0.0,0.805626,1.883846,0.925964,0.0,0.823176,0.736899,2.56502,1.273903,1.818661,1.048251,0.942106,0.0,0.99414,1.786187,10.355378,1.009566,0.764598,0.0,0.806348,0.0,0.0,5.493332,2.758719,3.125524,1.340739,1.306681,0.15234309090909093,0.2670590909090909,0.0,0.0,3.8116764545454545,0.37607709090909086,0.06852018181818181,0.0,0.0,-0.40229818181818183,0.21971618181818178,0.685034909090909,-0.1683559090909091,-0.15962872727272728,0.22450254545454545,0.2009724545454545,0.5246632727272728,0.17371327272727274,0.5511099090909091,0.5241254545454545,0.6423449999999999,0.0,0.7230109090909091,0.2435709090909091,3.1379943636363636,0.367115,0.6255801818181819,0.0,0.2932174545454545,0.0,-0.06849463636363637,0.8115146363636363,0.7523780000000001,0.7103469090909091,0.32502763636363635,0.5543491818181818,0.0,-0.979218,0.0,0.0,-1.133202,-1.034212,0.0,0.0,0.0,-1.10632,0.0,0.0,-0.925961,-0.877958,0.0,0.0,-0.641254,-0.636953,-0.606218,0.0,0.471053,0.0,0.0,0.0,-2.301193,0.0,0.0,0.0,0.0,0.0,-0.753441,-0.686668,0.0,0.0,0.0,0.43556,-0.37868296819922137,0.7493829215048186,0.19738763548914234,219716.1818181818,0.05535803995770432,0.976555982814782,0.8469605499054733,0.9140579195728044,1.5707963267948966,1.5707963267948966,1.378367723121479,0.33894198009584314,0.7699050169763092,0.0,0.0,5.488080009709468,0.6972655881578345,0.22725573365784116,0.0,0.0,0.5581660748884364,0.3763073942334426,0.6091131492493745,0.5583762008254748,0.3551514977091018,0.38450477402845434,0.34420505607220925,0.8018600311670473,0.7030117423070672,0.7882974611413455,0.40598535016730924,0.23765800498447345,0.0,0.46436216420924187,0.577536530473087,3.7844287429678545,0.5093511929847617,0.309295119863802,0.0,0.4068227078549976,0.0,0.2271710089700148,1.648519871284679,0.7097033616710576,0.9397592673313155,0.40424801861784615,0.2816637611326023
S0022,stål_kule,stål,raw/S0022_triad_raw.csv,/home/farr97/mlOGdt/ml/datasets/raw/S0022_triad_raw.csv,torr_sand,lampelys,8,P9,A30,4.5,liten,synlig,0,R22,1.8181818182341011e-07,0.08417836363636362,-0.0029862727272727263,-0.7661386363636363,0.37282627272727276,-0.0891486363636364,0.06977672727272727,-1.0077427272727273,1.2986062727272727,-0.053391181818181775,-0.024769454545454594,0.11878909090909091,0.0,0.0,0.0,0.0,0.0,0.33123172727272726,-0.7706640909090908,0.0748340909090909,0.3271113636363636,0.06441936363636364,-0.29265145454545455,0.48761799999999994,2.26746,-2.642905909090909,-1.0201143636363637,0.7770519090909092,0.5827571818181818,-0.6255801818181819,0.21991309090909092,-0.21991309090909092,0.0,0.0,0.0,0.979218,1.03421,0.0,0.0,0.0,0.0,0.0,0.0,0.0,0.805626,0.941923,0.925964,0.0,0.823175,0.7369,1.282507,0.636951,1.818661,6.90358,0.524124,0.0,0.471053,0.893095,0.764598,0.0,0.806348,0.0,0.0,0.0,0.0,0.686668,0.0,4e-06,2.266403,0.0,0.0,1.8181818182341011e-07,-0.09401963636363632,-0.11878909090909091,0.0,0.0,0.0,0.0,0.0,0.0,0.43943236363636357,0.7706640909090908,0.08417854545454545,0.0,0.0748340909090909,0.40194545454545455,0.4663648181818182,0.17371336363636364,0.6613313636363636,2.9287913636363636,0.28588545454545455,-0.7342289090909091,0.042823,0.08119227272727272,0.6255801818181819,0.0,0.21991309090909092,0.0,0.0,0.0,-0.6849463636363636,-0.3121200909090909,-0.4012687272727273,-0.331492,-1.3392347272727272,-0.040628454545454544,0.0,-0.979216,-1.034212,-0.43556,0.0,0.0,0.0,0.0,0.0,0.0,0.0,-2e-06,0.0,0.0,-0.823175,0.0,-4e-06,0.0,4e-06,1.150597,-2e-06,-2.019129,0.0,2e-06,0.0,0.0,0.0,0.0,0.0,0.0,-0.753441,-1.373333,-0.551746,-1.041838,-5.666004,-0.446913,0.0,-0.06062591695074476,-401268.7272727273,439432.3636363636,0.2776831667657987,0.38509039982099685,0.791601873076035,0.6224661201590743,1.5707963267948966,1.5707963267948966,1.6812546585294177,0.0,0.43791915534486914,0.724619032236288,0.2034498000713958,0.0,0.0,0.0,0.0,0.0,0.0,0.42072445697089506,0.3810270187507585,0.27918865067060433,0.0,0.44398757742654343,0.3848334740212612,0.5041831073752507,0.2975184743918511,0.42474711661370296,1.6565104218760152,0.27371524983762363,0.6528549482441647,0.14202782339738929,0.2692776712629886,0.309295119863802,0.0,0.3766446399760534,0.0,0.0,0.0,0.2271710089700148,0.7111977718098468,0.2577195064216486,0.3512047586830224,2.078315714390289,0.1347493395392821
S0040,stål_kule,stål,raw/S0040_triad_raw.csv,/home/farr97/mlOGdt/ml/datasets/raw/S0040_triad_raw.csv,torr_sand,lampelys,8,P13,A30,11,medium,synlig,0,R40,-0.3432296363636364,0.35123600000000005,-0.2465577272727273,0.16237945454545455,0.5618184545454545,-0.712291,0.10311436363636366,-0.07452718181818184,0.43865627272727276,-0.20171054545454548,-0.11506036363636363,-0.20604272727272732,-0.17003363636363633,0.37607636363636365,-0.22060227272727273,0.3778980909090909,-1.2636148181818183,0.7673528181818182,-0.10729154545454545,1.027625818181818,-0.21666054545454544,0.3001708181818182,-0.291088,0.4436824545454546,-0.052238909090909114,-0.07659763636363637,-0.6897320909090909,1.3365586363636364,-0.48536609090909105,1.4171736363636367,-1.8355720909090911,-0.14768072727272727,0.7341156363636363,-0.3871699999999999,0.837887,2e-06,0.632832,0.0,3.399597,1.034212,0.0,0.0,0.865127,-1.106319,-0.80563,0.0,0.925961,-0.877956,0.823177,0.0,1.282509,0.636951,1.21244,1.04825,0.471053,0.0,0.994141,0.893095,3.45179,3.028694,0.0,0.0,0.806348,1.095957,0.0,2.059999,4e-06,0.0,0.0,0.43556,0.0761719090909091,-0.2670577272727273,0.11506036363636363,0.0,-0.20604272727272732,-0.37607636363636365,0.0,-0.22060227272727273,0.15729581818181818,-1.106319,-1.5380172727272727,-0.7706644545454545,0.08417827272727273,-0.877956,0.14966981818181818,-0.06699072727272727,0.2331800909090909,-0.0579079090909091,0.3857745454545455,0.33353563636363637,0.256938,-0.4327940909090909,0.9037645454545455,-0.16237945454545455,0.4183984545454545,1.8355720909090911,0.0,-0.14768072727272727,0.586434909090909,0.1992649090909091,0.0,0.5618184545454545,-0.15047254545454547,-0.04735818181818181,-0.12188536363636365,0.3167709090909091,-0.837883,-1.958433,0.0,0.0,-6.79921,-2.068422,0.0,-0.808875,0.0,-1.106319,-1.611256,-0.941923,0.0,-0.877956,0.0,-0.736898,-4e-06,-0.636955,-4e-06,2e-06,-0.0,-0.680105,0.0,-0.893093,-1.1506,1.009565,0.0,-0.812244,0.0,0.0,0.0,-2.059999,-1.103487,-0.520922,-0.446913,-0.43556,-0.06885173077804853,1.3322418864974848,0.7303013202533113,-7.718416460417212,-0.13840340483670024,0.3383599874665897,0.7108224137543215,0.5566668595371519,1.5707963267948966,1.5707963267948966,1.5057896961741266,0.451921831088841,0.6332302632941814,0.25599314841740306,0.0,2.473296865410624,0.8367178293297296,0.0,0.37782500007519115,0.34996110264794233,0.0,0.2429053784868054,0.3810262097109236,0.2791877461365706,0.0,0.3329903684441393,0.2221831067966649,0.43233465306853547,0.34354595612041616,0.4087141417950604,0.35336443658616035,0.245999406212698,0.3431299609172753,0.29974478960988254,0.5385560360026361,1.6492294929148195,0.6087902242882116,0.0,0.32856887585195615,0.3766446399760534,0.44333643519937643,0.0,1.0100383736890757,0.35679714699738385,0.15706334992086357,0.20875277917923524,0.28166349402982793
S0017,stål_kule,stål,raw/S0017_triad_raw.csv,/home/farr97/mlOGdt/ml/datasets/raw/S0017_triad_raw.csv,torr_sand,lampelys,8,P4,A30,4.5,liten,synlig,0,R17,0.6231374545454545,-0.6231374545454545,0.0,0.0,0.624241,-0.5740822727272727,0.4234049090909092,2.7200046363636368,-3.193568272727273,0.9401923636363635,-1.0589814545454543,0.11878909090909091,0.0,0.0,0.0,0.0,0.0,0.20621918181818188,0.5994068181818182,0.0748340909090909,-0.7447431818181818,0.20354381818181821,0.11893527272727261,-0.09345727272727267,0.3362875454545455,0.19989336363636362,-1.2884153636363636,1.1502988181818181,0.04282290909090909,0.0,0.0,0.0,0.0,0.0,0.0,0.979216,2.068422,0.0,0.0,0.0,0.0,0.0,0.0,0.0,-0.805626,0.0,0.0,0.0,0.823175,0.0,2e-06,0.0,0.0,1.150597,0.524124,0.0,0.471054,0.0,0.0,0.0,0.0,0.0,0.0,0.0,0.0,0.686666,0.551746,0.52092,3.399605,0.0,0.0,0.6231374545454545,0.9401923636363635,-0.11878909090909091,0.0,0.0,0.0,0.0,0.0,0.0,-0.8056260000000001,-0.5994068181818182,0.0,0.0,0.0748340909090909,-0.6699090909090909,-0.4663652727272727,-0.34743000000000007,-0.44088727272727274,-0.10459972727272727,0.09529363636363636,-1.1931217272727273,-0.04282290909090909,0.0,0.0,0.0,0.0,0.0,0.0,0.0,0.0,0.624241,0.05015872727272727,0.47356363636363646,3.193568272727273,0.0,0.0,0.0,0.0,-0.43556,0.0,0.0,0.0,0.0,0.0,0.0,-0.805626,-0.941925,0.0,0.0,0.0,-0.7369,-0.641254,-0.636955,-0.60622,-1.150597,-2e-06,-2.019129,-0.471053,0.0,0.0,0.0,0.0,0.0,0.0,0.0,0.0,0.0,0.0,0.0,2.266403,0.0,0.0,0.0,50158.72727272727,-805626.0000000001,-347430.0000000001,0.8199494012259861,0.4372058448750784,0.657063912935334,1.5707963267948966,1.5707963267948966,1.5458002821994434,0.0,0.49403893194370085,0.724619032236288,0.2034498000713958,0.0,0.0,0.0,0.0,0.0,0.0,1.1644117316690923e-16,0.475224690947728,0.0,0.0,0.2481966010728006,0.222183709819354,0.29952980426431386,0.3326389000477846,0.2831649779577591,0.6205858713204953,0.21201940626804555,0.7579377985981555,0.2540672965103752,0.0,0.0,0.0,0.0,0.0,0.0,0.0,0.0,0.20703731757584184,0.16635767832540274,0.15706328961744864,0.45840277952584263,0.0
S0041,stål_kule,stål,raw/S0041_triad_raw.csv,/home/farr97/mlOGdt/ml/datasets/raw/S0041_triad_raw.csv,torr_sand,lampelys,12,P1,A30,11,medium,synlig,0,R43,0.4707956363636364,-0.28642527272727275,0.5563799090909092,-1.0985769090909092,0.8921514545454545,-0.08476481818181825,-0.12833809090909087,-0.39230781818181815,-0.0812568181818182,0.0,0.0,4.841859181818182,-4.559801363636364,-0.28205781818181813,0.0,0.0,0.10057454545454546,1.5639003636363635,-0.9244779999999999,-0.5837327272727273,0.28724927272727274,0.011263272727272677,0.4088527272727273,-0.32507481818181816,0.5361812727272727,-0.39505690909090907,0.299761,-0.6326345454545454,-1.982355,1.788981181818182,0.339446,0.4865623636363636,0.2932174545454545,-0.2932174545454545,0.837885,1.958433,0.0,0.0,12.46521,1.034212,0.0,0.0,0.0,1.10632,0.0,0.941923,0.925961,0.0,0.0,0.0,0.641254,1.273903,0.606222,0.524126,0.0,0.0,0.0,1.786186,3.451797,1.009563,0.0,0.0,0.806348,0.0,0.0,2.746666,1.103489,1.041841,0.446913,0.43556,0.15234272727272727,0.6231383636363637,0.0,0.0,4.841859181818182,0.28205781818181813,0.0,0.0,0.0,0.10057454545454546,-0.8788654545454545,0.685034909090909,0.3367130909090909,-0.2394430909090909,-0.8231758181818182,-0.5359265454545454,-0.5246632727272728,-0.11581054545454544,-0.4408853636363636,0.09529590909090908,-0.299761,0.0,-0.6326345454545454,0.893093,-2.6149895454545455,-0.8260083636363637,-0.4865623636363636,0.0,0.2932174545454545,0.0,-0.2054839090909091,0.6866675454545454,0.6019027272727272,0.4735646363636363,0.0812568181818182,0.0,0.0,0.0,0.0,0.0,-3.399605,-1.034212,0.0,0.0,0.0,0.0,-1.611256,0.0,0.0,-0.877958,-1.646352,-0.736899,-1.923764,-1.910857,-1.818657,-0.524125,-0.471053,0.0,-0.99414,0.0,-9.204773,-2.01913,-0.764598,0.0,0.0,0.0,-0.753441,-1.373333,0.0,-0.52092,-0.446914,-0.43556,1.5147094314450196,10.990856264460145,0.12431229004359741,-878865.4545454546,0.04428720946248539,1.2009871335897033,0.7849010382764194,1.0145047399927252,1.5707963267948966,1.5707963267948966,1.0232271712275443,0.3389411710560082,0.6601878318819989,0.0,0.0,3.761507542408119,0.6687936575617054,0.0,0.0,0.0,0.3335680307332714,0.43452369911809496,0.4399716365888725,0.46717045418122377,0.4100936256108974,0.36813549868949563,0.34420505607220925,0.6917337277214536,1.0965268006641118,0.8174263081755166,0.316059282029639,0.23765800498447343,0.0,0.5015684627319312,0.39940333164584396,4.087160282885475,0.8822210840262517,0.3857587899771754,0.0,0.4068227078549976,0.0,0.35193181379280125,1.0184910116882095,0.29758892023195044,0.4329940894775061,0.26949887506103554,0.19478835365596167
S0020,stål_kule,stål,raw/S0020_triad_raw.csv,/home/farr97/mlOGdt/ml/datasets/raw/S0020_triad_raw.csv,torr_sand,lampelys,8,P7,A30,4.5,liten,synlig,0,R20,0.0,0.08417854545454545,-0.002988818181818176,0.1927888181818182,-0.2115546363636364,0.4893219090909091,-0.22025118181818187,-0.022439454545454596,-0.30905518181818176,1.1282305454545456,-1.2866160000000002,0.15838545454545455,0.0,0.0,0.0,0.0,0.0,-0.7943408181818182,0.5877755454545455,-0.45896472727272725,-0.16959999999999997,-0.1140203636363637,0.23552736363636362,-0.14856781818181813,-0.34080036363636373,0.36032045454545464,-0.6248661818181818,1.1869894545454545,-0.224664,0.1390178181818182,-0.7330436363636363,0.7330436363636363,0.0,0.0,0.0,0.979216,2.068422,0.43556,0.0,0.0,0.0,0.0,0.0,0.0,0.805626,0.0,0.925964,0.877956,0.0,0.0,4e-06,0.636948,0.60622,3.45179,0.0,0.0,0.471054,0.893093,0.0,0.0,0.0,0.0,0.0,0.0,0.753441,1.373333,1.103493,1.041841,4.532806,0.446913,0.0,0.0,1.1282305454545456,-0.15838545454545455,0.0,0.0,0.0,0.0,0.0,0.0,0.3661936363636364,-0.42814718181818184,0.08417854545454545,0.15962836363636362,-0.2993363636363636,-0.4689363636363636,-0.5829567272727273,-0.3474293636363637,-0.4959971818181818,-0.8367975454545455,-0.4764770909090909,-1.1013432727272727,0.08564618181818182,0.08118972727272727,-0.1390178181818182,0.0,-0.7330436363636363,0.0,0.0,0.0,0.2739785454545455,0.062423909090909085,0.5517458181818182,0.33149463636363635,0.30905518181818176,0.0,0.0,-0.979216,0.0,-0.43556,0.0,0.0,0.0,0.0,0.0,0.0,0.0,-0.941925,0.0,0.0,-0.823175,-0.7369,-1.282507,-1.273903,-1.21244,-5.752983,-1.04825,-2.019129,0.0,-0.893095,-0.764598,0.0,-0.806348,0.0,0.0,0.0,0.0,-0.686668,0.0,-2e-06,-2.266403,-0.446913,0.0,0.26270216241942485,551745.8181818182,366193.6363636364,2.499189437510831,0.3249321425108912,0.4751130413708909,0.4070093975066276,1.5707963267948966,1.5707963267948966,1.3662377027753443,0.0,0.4379187081310868,0.8596458761285793,0.29365449209448974,0.0,0.0,0.0,0.0,0.0,0.0,0.42072445697089506,0.4919036615791385,0.27918865067060433,0.3551506886692669,0.41531234967847336,0.3717844571058001,0.449294369047085,0.7185775270491379,0.6539417831056245,2.9600048711577274,0.28269196862219287,0.8391594951656199,0.19055072520765598,0.4816990141540859,0.309295119863802,0.0,0.24312306967759054,0.0,0.0,0.0,0.3801298047852506,0.6481304126475558,0.34895449375092397,0.3512046912654422,1.9023549263318775,0.1998655696056727
S0012,stål_kule,stål,raw/S0012_triad_raw.csv,/home/farr97/mlOGdt/ml/datasets/raw/S0012_triad_raw.csv,torr_sand,lampelys,12,P12,A30,4.5,liten,synlig,0,R12,-0.7121578181818182,0.3754447272727273,0.6614745454545454,-0.39325609090909097,-0.24362554545454543,0.5127543636363636,-0.20063418181818182,0.20603518181818178,-0.28729272727272726,0.7393924545454544,-0.5789421818181817,0.1263678181818182,-0.20556054545454547,0.0,0.0,0.0,0.0,0.5881183636363635,-1.0275523636363635,-0.07483418181818181,0.07483418181818181,1.340807181818182,-0.29852236363636386,-0.10539890909090899,4.083899181818182,-4.6396025454545455,0.44482436363636346,-0.783183909090909,-0.042823,0.0,0.07330436363636363,-0.07330436363636363,0.0,0.0,0.0,0.0,2.068424,0.43556,0.753722,0.0,0.0,0.0,0.0,0.0,0.805628,1.883846,0.0,0.0,0.0,0.0,1.923766,1.273905,1.818661,6.90358,0.524126,2.019128,0.471053,0.893094,0.0,0.0,0.806348,0.0,0.0,0.0,0.0,2e-06,0.551744,0.52092,2.266399,0.0,0.0,-0.7121578181818182,0.658134909090909,0.07919272727272728,0.20556054545454547,0.0,0.0,0.0,0.0,0.0,0.439434,1.0275523636363635,-0.3367130909090909,0.0,-0.07483418181818181,0.0,1.340807181818182,1.042284818181818,0.9368859090909091,5.020785090909091,0.38118254545454544,0.8260069090909089,0.042823,0.3247614545454546,0.0,0.0,0.07330436363636363,0.0,0.0,0.0,-0.06849463636363637,-0.3121201818181818,0.20063418181818182,0.0,0.20603518181818178,-0.08125754545454546,0.0,-0.979217,0.0,0.0,0.0,0.0,0.0,0.0,0.0,0.0,0.0,0.941923,-0.925961,0.0,-0.823176,0.0,0.641256,0.636951,0.60622,3.45179,0.0,0.0,0.0,0.0,0.0,0.0,0.0,0.0,0.0,0.0,-0.753441,-0.686666,0.0,-0.52092,-1.133202,-0.446914,0.0,1.5762350655092359,0.9760297402635884,439434.0,1042284.8181818181,0.27879707208657895,1.3135939000779706,0.9495411370041065,1.5707963267948966,1.5707963267948966,1.7801380905614825,0.0,0.45739164036300844,0.6972655881578345,0.17619269525669384,0.3520630687147869,0.0,0.0,0.0,0.0,0.0,0.4207248747578398,0.2840004702187208,0.46717045418122377,0.0,0.24819690258414515,0.0,0.3458671756784151,0.3213583746827887,0.4168074560639372,1.0636303008891252,0.24481849439099312,0.9910383160658778,0.14202782339738929,0.4505882316928314,0.0,0.0,0.24312306967759054,0.0,0.0,0.0,0.2271710089700148,0.35859993645421023,0.27836863007379914,0.23296250616783812,1.2224060299603252,0.18078538966706553
S0048,stål_kule,stål,raw/S0048_triad_raw.csv,/home/farr97/mlOGdt/ml/datasets/raw/S0048_triad_raw.csv,torr_sand,lampelys,12,P8,A30,11,medium,synlig,0,R48,-0.2670590909090909,-0.5747236363636363,0.922973,-0.08119027272727274,0.18727336363636365,0.013360818181818168,0.5570687272727272,-0.43267454545454537,-0.28543199999999996,-0.03959636363636364,0.0,1.957340636363636,-1.675282818181818,-0.28205781818181813,0.0,0.0,0.0,-0.08562936363636363,0.0058151818181818166,0.07981418181818181,0.0,-0.757844909090909,0.7578472727272726,-0.2204441818181818,0.07749954545454543,-0.3709337272727273,0.513876,-0.9941399999999999,0.47114872727272716,-0.4865738181818182,1.009565090909091,0.0,0.0,0.0,0.0,0.979218,0.0,0.0,11.332009,1.034212,0.0,0.0,0.0,0.0,0.0,0.0,0.0,0.0,0.0,0.0,-0.641253,0.636955,2e-06,1e-06,-0.471053,0.0,-0.99414,0.893093,1.150604,0.0,0.0,0.0,0.806348,0.0,0.0,2.746668,1.655232,2.083682,0.446914,0.43556,0.0,-0.2670590909090909,0.0,0.0,1.957340636363636,0.28205781818181813,0.0,0.0,0.0,0.0,0.0,-0.08562936363636363,-0.8417827272727273,-0.07981418181818181,0.0,0.0,-0.757844909090909,2.363636363637091e-06,-0.22044181818181816,-0.14294227272727272,-0.513876,0.0,-0.9941399999999999,0.08119027272727274,-0.5229912727272727,-1.009565090909091,0.0,0.0,0.0,0.0,0.0,0.18727336363636365,0.20063418181818182,0.757702909090909,0.3250283636363636,0.03959636363636364,0.0,-0.979217,0.0,0.0,-8e-06,0.0,0.0,0.0,0.0,0.0,0.0,-0.941923,-0.925961,-0.877956,0.0,0.0,-1.923764,-1.273902,-1.81866,-0.524125,-0.942106,0.0,-0.99414,0.0,-6.90358,-2.01913,0.0,0.0,-0.806348,0.0,0.0,-0.686665,0.0,0.520921,0.0,0.0,0.0,0.2497936550068344,0.10250340466415536,0.0,-4.519465249919997e-06,0.5504493090589739,0.42178082205885525,0.49035370076106566,1.5707963267948966,1.5707963267948966,1.127955344210313,0.0,0.6332302492356876,0.0,0.0,3.1277560601252863,0.48307977002350616,0.0,0.0,0.0,0.0,0.0,0.2840004702187208,0.2791877461365706,0.264713694040115,0.0,0.0,0.38669161604577224,0.49338115586598424,0.5604002062743764,0.2448186111651199,0.14202782339738929,0.0,1.1644117316690923e-16,0.2692776712629886,2.1441685520722054,0.7820056863828363,0.0,0.0,0.3606097883042001,0.0,0.0,0.8734935308548396,0.5100411347438201,0.4866430764657923,0.2087532462786017,0.13132628124429072
S0025,stål_kule,stål,raw/S0025_triad_raw.csv,/home/farr97/mlOGdt/ml/datasets/raw/S0025_triad_raw.csv,torr_sand,lampelys,8,P12,A30,4.5,liten,synlig,0,R25,0.16519154545454545,0.8369406363636362,-0.8447719999999999,-0.08118900000000001,-0.18727172727272726,0.5383831818181818,-0.1616870909090909,-0.23005281818181816,0.040628454545454544,0.0,0.0,0.3090518181818182,-0.2150323636363637,0.3171016363636364,0.3977539090909091,-1.5953540909090909,0.786479090909091,0.04735363636363643,0.046517272727272685,0.33918000000000004,0.0983621818181818,-0.3819823636363636,0.6408634545454546,0.3829778181818181,-0.5361796363636363,-0.03317409090909089,0.128469,0.0,-0.5229947272727272,-0.3947921818181819,1.4043492727272726,-0.4865623636363636,0.6597392727272727,-0.5601068181818182,0.0,0.979218,0.0,0.0,3.399601,1.034212,0.753722,0.808875,0.0,0.0,0.0,0.0,0.925961,0.0,0.823175,-2e-06,4e-06,0.636955,0.60622,2e-06,0.0,0.0,0.0,0.893093,2.301197,1.009563,0.764598,0.0,0.806348,1.095957,0.0,0.686666,0.551746,0.520922,0.0,0.43556,-0.07617118181818182,0.08902036363636365,0.0,0.0,0.3090518181818182,0.09401945454545452,0.41112109090909094,0.808875,-0.786479090909091,0.0,-0.7323872727272728,-0.6850336363636363,0.9259609999999999,-0.6385163636363637,-0.2993363636363636,-0.20097418181818183,-0.5829565454545454,0.05790690909090912,0.4408847272727272,-0.09529490909090911,-0.128469,0.0,0.0,0.08118900000000001,-0.5229947272727272,-0.9177869090909091,0.4865623636363636,0.0,0.6597392727272727,0.09963245454545455,0.0,-0.18727172727272726,0.3511114545454545,0.1894243636363636,-0.040628454545454544,0.0,-0.837883,-0.979216,0.0,0.0,-4.53281,-1.03421,0.0,0.808875,-0.865127,0.0,-0.805626,-0.941923,0.925961,-0.87796,-0.823175,-0.7369,-1.282507,-1.273903,-0.60622,-0.524124,-0.471053,0.0,0.0,-0.893095,-5.752979,-2.019131,-0.0,0.0,0.0,0.0,0.0,-1.373331,2e-06,-0.520924,-0.446913,-0.43556,-76171.18181818182,-1.9983777203950759,1.136088829770492,-7.350816812169699,-0.11072199544892863,0.38150328942349465,0.4657309834213877,0.42570536099490197,1.5707963267948966,1.5707963267948966,1.4933918132646402,0.25263122992885034,0.5281504407979364,0.0,0.0,2.5385185653425038,0.5578120660065294,0.3936184770067215,0.0,0.2608456050005269,0.0,0.2429053784868054,0.4399708191653789,1.1644117316690923e-16,0.4100945598096304,0.5549844717831792,0.3442045889728428,0.4492946285455377,0.6652749365200007,0.3920229796359114,0.21201877701630797,0.22002855788647072,0.0,0.0,0.4816991489940583,2.3220187951023603,0.8391595170398122,0.3857587899771754,0.0,0.3261838264185062,0.3304434686694121,0.0,0.6928801454515912,0.27836834177483744,0.35120543288487804,0.1347493395392821,0.2754723315325879
S0035,stål_kule,stål,raw/S0035_triad_raw.csv,/home/farr97/mlOGdt/ml/datasets/raw/S0035_triad_raw.csv,torr_sand,lampelys,8,P8,A30,11,medium,synlig,0,R35,1.6519081818181818,0.035767636363636446,-1.250725090909091,0.32476109090909094,2.059998,-1.6587307272727274,-0.4486239090909091,0.768485090909091,-0.7211284545454546,-1.1282294545454545,1.1678258181818182,-0.656278,0.6166816363636364,0.7864789999999999,-0.8870536363636363,0.10057463636363638,0.0,0.8056301818181818,-0.8779561818181818,0.05478099999999986,-0.11469745454545444,0.9378706363636363,-1.818181818181818e-06,7.272727272727272e-06,1.0459936363636364,-1.0459954545454546,0.36711109090909094,-0.3242899090909091,-0.042823,-0.29536145454545454,0.29536145454545454,0.3985298181818182,-0.3985298181818182,0.0,0.0,0.979216,0.0,0.43556,0.0,0.0,1.730253,0.0,0.0,0.0,-0.80563,2e-06,0.925964,-0.877956,-0.823175,-0.7369,0.0,0.0,4e-06,1.150597,2e-06,1.009563,0.471053,0.0,0.0,0.0,0.0,1.095957,0.680105,0.0,0.0,3.433331,0.551743,0.52092,4.532806,0.0,-0.7617118181818182,0.8901963636363636,-1.1282294545454545,0.03959636363636364,-0.6166816363636364,0.0,0.7864789999999999,-0.10057463636363638,0.0,0.0,-0.80563,1.818181818181818e-07,0.925964,-0.877956,-0.8231750000000001,-0.9378724545454545,-1.818181818181818e-06,-3.636363636363636e-06,3.636363636363636e-06,1.0459972727272728,1.818181818181818e-06,0.3671129090909091,0.042823,-0.32476109090909094,0.0,-0.29536145454545454,0.0,0.3985298181818182,0.0,0.0,0.0,2.059998,0.40126727272727275,-0.047356636363636365,0.7211284545454546,0.0,-0.837883,0.0,-3.102632,0.0,-0.753722,0.0,0.0,-1.106321,0.0,0.0,-0.80563,0.0,0.925964,-0.877956,-0.823175,-1.473799,-2e-06,-4e-06,0.0,0.0,0.0,-1.009565,0.0,-0.893093,0.0,-0.812244,0.0,0.0,-0.680105,0.0,0.0,0.686665,-2e-06,-1.041843,-3.399605,0.0,-761711.8181818182,-0.45035061161632306,-0.6506889450809001,-805630.0,-3.6363636363636362,0.7282337814514903,0.4974294284509964,0.6236026285769736,1.5707963267948966,1.5707963267948966,1.634343449840396,0.25263122992885034,0.2952447327920594,0.8596457667588858,0.13132628124429072,0.30489556124131184,0.0,0.4666146012706846,0.3335683322446161,0.0,0.0,0.0,6.030226891555272e-07,0.0,0.0,1.1644117316690923e-16,0.3442050560722093,6.030226891555272e-07,1.2060453783110545e-06,1.2060453783110545e-06,0.34691804853714114,6.030226891555272e-07,0.6806480717560954,0.14202782339738929,0.45058772716785234,0.0,0.40979738713182723,0.0,0.5529376825299246,0.3041522023674989,0.0,0.0,0.6141731887487437,0.2577194285687794,0.3649829204174554,1.8462999837236291,0.0
S0030,stål_kule,stål,raw/S0030_triad_raw.csv,/home/farr97/mlOGdt/ml/datasets/raw/S0030_triad_raw.csv,torr_sand,lampelys,8,P4,A30,11,medium,synlig,0,R30,-0.25421045454545455,-1.4213500909090908,1.4370073636363636,-0.9335321818181819,-0.8392372727272728,1.3834063636363638,0.4570307272727272,-4.026016,4.161358818181818,-0.5107246363636363,0.15332527272727264,-0.4369510909090908,0.1654492727272726,0.27368109090909093,-0.8923020909090911,1.1493635454545457,0.057530181818181814,1.4298164545454546,-0.6908519090909092,-0.004980090909090906,-0.27580845454545455,0.7256393636363636,0.749241,-0.1716850909090908,2.872567545454545,-3.784198090909091,-0.3741472727272728,0.2263800909090909,-0.042823181818181816,0.44304218181818183,-0.44304218181818183,0.0,-0.24731090909090908,1.060699,0.837883,0.0,0.0,0.0,-0.753722,0.0,0.0,-1.106319,0.0,0.0,0.0,0.941925,-0.925961,0.877956,0.823175,-2e-06,1.282511,2.54781,1.818661,10.35537,1.048248,1.009565,0.471054,0.0,0.0,0.812244,0.0,0.0,0.0,0.994141,-0.753441,-1.373333,-0.551744,0.0,-3.399597,0.446913,0.07617118181818182,-0.1780392727272727,-0.47009618181818175,-0.3167709090909091,-0.7537219999999999,-0.5882727272727273,-0.31459163636363635,-1.2068937272727274,-0.057530181818181814,0.0,-0.6591503636363636,0.770666090909091,-1.5993893636363636,0.07981418181818181,0.0748340909090909,-0.20097436363636365,0.5246649999999999,1.273906,1.1022209090909092,3.9747884545454544,0.19059036363636367,-0.18355690909090908,0.042823181818181816,-0.162382,0.0,0.44304218181818183,0.0,0.0,-0.24731090909090908,0.8133880909090909,-1.095914181818182,-1.9351514545454547,-0.5517450909090909,-0.09471436363636364,-4.120730363636364,0.040628454545454544,0.0,-0.979216,-2.068422,-0.43556,-0.753722,-0.808875,-0.865127,-2.212641,-0.632832,0.0,-0.80563,0.0,-1.851925,0.0,0.0,-0.736902,0.0,0.636951,0.60622,1.150597,-2e-06,-2.019129,-0.471053,-0.893095,0.0,0.0,0.0,0.0,-0.680105,0.0,-1.506882,-3.433334,-0.551746,-0.520924,-6.79921,0.0,76171.18181818182,0.03940613072844584,0.7320282848813964,-0.8103752201786464,1273906.0,1.2395694180159624,1.079701901056517,1.1623873143719112,1.5707963267948966,1.5707963267948966,1.4969863294072367,0.25263122992885034,0.3961123755130836,0.7110737184818208,0.20344980007139576,1.1644117316690923e-16,0.37782500007519115,0.4364781816020757,0.33356863375596063,0.1908060272118353,0.0,0.32589266197669214,0.38102701875075856,0.43251719779894826,0.264713694040115,0.2481966010728006,0.34420490037280776,0.38669175172868636,0.6369524000017583,0.455123420415266,2.5914560761814727,0.35336443658616035,1.0890372458415234,0.2540674313503477,0.3612741763411827,0.0,0.42418059475223946,0.0,0.0,0.3431299609172753,0.402149835281442,0.39347172954275084,0.6000525853732094,1.0444659357062418e-06,0.21072318961484648,1.0475513778563106,0.1347493395392821
S0033,stål_kule,stål,raw/S0033_triad_raw.csv,/home/farr97/mlOGdt/ml/datasets/raw/S0033_triad_raw.csv,torr_sand,lampelys,8,P6,A30,11,medium,synlig,0,R33,-0.26705918181818183,-1.163973090909091,1.349841090909091,-0.3297766363636364,-0.21327545454545455,0.27313490909090915,0.6826013636363637,-0.43451081818181825,0.021760909090909136,-0.5768779090909091,0.5393457272727272,0.3243496363636364,0.6033144545454545,-0.730226909090909,-1.184967090909091,0.5310171818181819,0.5753018181818181,1.2180693636363638,0.48048490909090913,-0.5538531818181818,0.40129881818181823,0.1130368181818181,0.005083272727272714,-0.12901036363636353,-5.080410181818182,5.009228454545455,0.8611751818181818,0.00613281818181817,0.085646,0.0,-0.2932174545454545,0.2932174545454545,-0.30913863636363637,0.12838572727272726,0.0,0.0,1.034211,0.0,0.753722,0.808875,0.865127,-1.106319,0.0,0.0,-1.611256,-0.941923,-0.925961,0.0,-0.823175,-0.7369,2e-06,-0.636951,-0.606216,-3.45179,-0.524124,1.009564,0.0,0.0,0.0,0.0,0.0,0.0,0.0,0.0,0.0,0.686666,2e-06,1.041838,3.399601,0.0,0.0,-0.26705918181818183,-0.6581348181818182,-0.11878909090909091,0.20556054545454547,0.808875,0.07864809090909092,-1.106319,-0.5753018181818181,0.0,-2.4168819090909093,-1.1988125454545455,-1.4310322727272728,-0.7183276363636364,-1.2721808181818182,-0.8708819999999999,-0.7578451818181818,-0.7527619090909091,-0.8817722727272727,-5.962182454545455,-0.952954,-0.09177881818181817,-0.085646,-0.08119118181818182,0.0,0.0,-0.2932174545454545,0.0,-0.30913863636363637,-0.1807529090909091,-0.4109678181818182,-0.6242432727272728,-0.3511083636363636,0.33149300000000004,-0.10301781818181822,-0.08125690909090909,0.0,-1.958433,-2.068422,-0.43556,-0.0,0.808875,-0.865126,-1.106319,-0.632832,0.0,-3.222507,-1.883848,-1.851925,-0.877956,-1.646353,-1.473801,-1.923763,-1.273903,-1.818657,-10.35537,-1.572374,-1.009564,-0.471053,-0.893095,0.0,0.0,-0.806348,0.0,-0.680105,-0.994141,-0.753441,-3.433334,-1.103485,-1.041843,-9.065606,-0.446913,0.0,0.7881352118144871,-1.7080449695003972,13.371266291164535,-752761.9090909092,0.5597422950676545,1.6461328460242428,1.2294439360230052,1.5707963267948966,1.5707963267948966,1.0793863051134898,0.0,0.6332298977848122,0.8367181664296309,0.2034498000713958,0.3520630687147869,0.0,0.6061500990595405,0.0,0.1908060272118353,0.0,0.3602866764815081,0.43997155873996296,0.4835689278580854,0.35515068866926686,0.4298903418682067,0.2980911317094153,0.5603688691163737,0.25765905133779193,0.41680746928938084,1.9127737566865228,0.3160594177100249,0.7073500183323412,0.19055032068773853,0.26927803307838466,0.0,0.0,0.4068227078549976,0.0,0.35517325261124966,0.40214983528144194,0.39347172954275084,1.1264072671264236,0.3719856075598283,0.5834648337257354,3.4541081915622684,0.18078520987982094
S0045,stål_kule,stål,raw/S0045_triad_raw.csv,/home/farr97/mlOGdt/ml/datasets/raw/S0045_triad_raw.csv,torr_sand,lampelys,12,P5,A30,11,medium,synlig,0,R45,-0.4450986363636364,0.4450986363636364,-0.16238054545454547,0.16238054545454547,-0.06242518181818182,-0.08804981818181817,-0.27573263636363643,0.5887214545454545,-0.12291745454545454,-0.03959636363636364,0.0,0.20604372727272724,0.9221875454545453,-1.1282312727272725,0.0,0.0,0.0,0.5137761818181817,-0.5137761818181817,0.0,0.0,0.11659081818181817,-0.11659127272727272,-0.4408860909090909,0.2502956363636364,0.23341390909090906,-0.042823,0.09037636363636364,0.3280189090909091,-0.14305863636363636,-0.27533663636363637,-0.14768072727272727,0.6608112727272727,-0.5131305454545454,0.0,0.0,0.0,0.0,2.266411,2.068424,0.0,0.0,0.0,0.0,0.0,0.941923,0.0,0.0,0.0,0.0,0.641255,1.273903,0.0,0.0,0.471053,0.0,0.99414,0.0,2.301193,1.009566,0.0,0.0,0.806348,0.0,0.0,0.686665,2e-06,0.0,0.446913,0.43556,0.0,-0.4450986363636364,0.0,0.0,0.20604372727272724,1.1282312727272725,0.0,0.0,0.0,0.0,0.0,0.5137761818181817,0.0,0.0,0.0,0.0,0.11659081818181817,-4.5454545455293334e-07,-0.4408865454545455,-0.19059090909090906,0.042823,0.0,0.09037636363636364,-0.16238054545454547,0.4183952727272727,0.27533663636363637,0.0,-0.14768072727272727,0.5131305454545454,0.0,0.0,-0.06242518181818182,-0.150475,-0.4262076363636364,0.16251381818181818,0.03959636363636364,0.0,-0.979217,0.0,0.0,-1.133194,0.0,0.0,0.0,0.0,0.0,0.0,0.0,0.0,0.0,0.0,0.0,-0.641255,-0.636951,-0.60622,-0.524125,0.0,0.0,0.0,-0.893093,-2.301201,-1.009564,0.0,-0.812244,0.0,0.0,0.0,-0.686668,-0.551743,-0.520922,0.0,0.0,0.0,-0.9991737816355769,-0.730302599788572,0.0,-1.086399387810092e-06,0.3141135013636782,0.24201059921268686,0.2803893916237143,1.5707963267948966,1.5707963267948966,1.3613918821682283,0.0,0.5113794000959117,0.0,0.0,1.1124065174754318,0.5578124705262676,0.0,0.0,0.0,0.0,0.0,0.4919032437922763,0.0,0.0,0.0,0.0,0.38669098287232356,0.49338038126994144,0.2831645108598052,0.26443415467577347,0.14202782339738929,0.0,0.29974448809853793,0.36127390666013054,1.288743579190918,0.65285531375325,0.0,0.32856887585195615,0.4068227078549976,0.0,0.0,0.37036009820789767,0.257719039319954,0.21072269520071765,0.22547877198876976,0.13132628124429072
S0005,stål_kule,stål,raw/S0005_triad_raw.csv,/home/farr97/mlOGdt/ml/datasets/raw/S0005_triad_raw.csv,torr_sand,lampelys,12,P5,A30,4.5,liten,synlig,0,R05,0.4579468181818181,-0.4499400909090908,0.4029639090909091,-0.8296153636363637,1.9030787272727272,-0.45711672727272723,-0.2984291818181818,4.551892363636364,-5.275694818181819,0.7649158181818181,-0.6085948181818182,0.3791034545454546,0.045125181818181814,-0.583159,0.22307581818181818,-0.30172363636363636,0.0,-0.378585,0.005814818181818171,0.004980454545454552,0.4097881818181818,-0.9179122727272727,0.3513386363636364,-0.15415609090909094,-0.6602213636363636,0.9030546363636365,0.0511638181818182,0.13460154545454545,-0.042823,0.0,0.0,0.0,0.0,0.0,0.837887,0.979217,2.068424,0.43556,0.753722,0.808875,0.865126,1.10632,0.0,0.0,0.805628,0.941923,0.925961,0.0,0.823175,0.736899,1.282511,1.273903,0.60622,9.204773,0.524126,1.009564,0.471053,0.893094,0.0,0.0,0.0,0.0,0.0,0.0,0.0,2.746666,1.655233,1.041842,7.932411,0.446914,0.07617154545454546,0.5341183636363636,0.846173,0.23757818181818183,0.6166816363636364,0.6618068181818182,0.07864781818181818,0.30172363636363636,0.0,0.0,0.29295563636363636,-0.08562936363636363,0.08417827272727273,-0.07981454545454546,-0.0748340909090909,0.3349540909090909,-0.5829581818181818,-0.23161954545454544,-0.3857756363636364,-1.045997,-0.14294236363636365,-0.09177854545454545,0.042823,0.48714218181818186,0.0,0.0,0.0,0.0,0.0,0.0,-0.3424731818181818,1.5606055454545453,1.103488818181818,0.8050596363636363,5.356952000000001,0.08125718181818181,0.0,0.0,0.0,0.0,0.0,0.0,0.0,0.0,0.0,0.0,0.0,-1.883846,0.0,-0.877958,-0.823175,0.0,-1.923764,-1.273905,-1.212439,-6.90358,-1.048248,-1.009564,0.0,0.0,0.0,0.0,0.0,0.0,0.0,0.0,-0.753441,0.686666,0.551744,0.0,2.266403,0.0,76171.54545454547,0.09093643005980859,1.7893949871666712,292955.63636363635,-231619.54545454544,1.401300207583226,0.323559215763757,1.0169397322060068,1.5707963267948966,1.5707963267948966,1.6757333277100688,0.25263243597422863,0.5113794000959118,0.6236531506414442,0.22746379148419127,0.30489556124131184,0.32720604824997296,0.26084530348918233,0.5167613711428656,0.0,0.0,0.4064594498700388,0.8890620998713501,0.2791877461365706,0.26471423676121525,0.5767567815241456,0.38483295178829335,0.8817917290305936,0.7134277291834631,0.56039910484266,4.22613826671989,0.4120905429148485,0.5445183279582724,0.14202782339738929,0.466403130204294,0.0,0.0,0.0,0.0,0.0,0.0,0.39347172954275084,0.5398883606634548,0.2467476416425568,0.358159591124759,1.8336100225301455,0.18078556945332674
S0029,stål_kule,stål,raw/S0029_triad_raw.csv,/home/farr97/mlOGdt/ml/datasets/raw/S0029_triad_raw.csv,torr_sand,lampelys,8,P3,A30,11,medium,synlig,0,R29,-0.26705890909090907,0.18288063636363633,-0.07820354545454546,-0.04310209090909092,-0.48118127272727274,0.13492054545454546,-0.11124554545454546,-1.2943582727272729,1.8760915454545457,1.0214489090909091,-1.1777701818181818,0.23757818181818183,0.5147386363636364,-1.2225697272727274,1.210703181818182,-0.5604022727272727,0.057530181818181814,-0.05066581818181837,-0.18129090909090906,0.887917090909091,-0.5872318181818181,0.15394436363636355,0.6987650000000001,-0.336253,-0.9301530909090909,1.4841316363636363,-0.608871909090909,0.3181600909090909,0.026685909090909093,0.22585245454545455,-0.29536145454545454,0.3985298181818182,-0.4603575454545455,-0.11892518181818183,0.0,0.0,2.068422,0.0,0.0,0.808875,0.0,1.106319,0.0,0.0,0.0,0.0,0.0,-0.877956,0.823175,-0.7369,0.641258,1.273903,1.21244,4.602386,1.04825,1.009563,0.471054,0.0,0.764599,0.812244,0.0,1.095957,0.0,0.0,0.0,2e-06,-0.551743,-2e-06,-1.133202,0.0,0.0,-0.26705890909090907,0.940192,-0.23757818181818183,0.0,0.5147386363636364,-0.7078310909090909,0.5028720909090909,-0.057530181818181814,0.0,-0.8056285454545453,-0.8562943636363637,-0.08417827272727273,-1.0375852727272727,-0.1496681818181818,-0.7369,-0.5829556363636365,0.11580936363636364,-0.22044363636363637,-1.1505967272727273,0.33353490909090905,-0.275337,0.04282309090909091,-0.16238181818181818,0.069509,0.29536145454545454,0.0,0.3985298181818182,-0.06182772727272727,-0.1807529090909091,-0.2054839090909091,-0.6866651818181818,-0.5517446363636364,-0.6629901818181818,-1.9573484545454547,-0.08125690909090909,0.0,-0.979216,0.0,-0.43556,0.0,0.0,-1.730253,-2e-06,-0.632832,0.0,-1.611256,-0.941925,-0.925961,-1.755917,-0.823175,-0.7369,-1.282507,0.0,-0.60622,-2.301193,0.0,-1.009565,0.0,-0.893095,0.0,0.0,0.0,0.0,-0.680105,-0.994141,-0.753441,-1.373333,-0.551746,-1.041843,-3.399605,-0.446913,0.0,0.08296013965467737,-551744.6363636364,4.457095637365328,1.6660820549038071,0.6308229174369123,0.538840322448584,0.5866372159435982,1.5707963267948966,1.5707963267948966,1.1946610484033235,0.0,0.45739117326364187,0.9761708988040977,0.22746379148419127,0.0,0.4080976424772073,0.5216910140187302,0.5777564288556994,0.1908060272118353,0.0,0.36028779451998194,0.28400071142948663,0.2791877461365706,0.3551527112688543,0.4963932021456011,0.0,0.4492946415198545,0.38409620639164677,0.5603996358898304,1.9928915970109409,0.3533648950423498,0.6528543718646602,0.14202812490873384,0.3612742662346207,0.23053527255281347,0.40979738713182723,0.0,0.5529376825299246,0.20505937300405994,0.40214983528144194,0.35193181379280125,0.30708704158815237,1.5666989035883526e-06,0.33686333982842903,0.7328062068038675,0.18078520987982094
S0011,stål_kule,stål,raw/S0011_triad_raw.csv,/home/farr97/mlOGdt/ml/datasets/raw/S0011_triad_raw.csv,torr_sand,lampelys,12,P11,A30,4.5,liten,synlig,0,R11,0.8011775454545454,-0.7169992727272727,-0.8960819090909091,0.12695727272727275,0.43524972727272726,-0.30204736363636364,0.5043873636363636,-0.46773718181818175,0.39320909090909084,-0.3482121818181818,0.47009690909090907,-0.13704036363636363,0.13704036363636363,0.0,0.0,0.0,0.0,0.08562936363636363,-0.005815363636363632,-0.079814,-0.736899,0.8534896363636364,-0.0007794545454545415,-0.005587727272727272,0.412775,0.04877336363636364,0.2542350909090907,-1.297059909090909,0.471053,-0.5907229090909091,1.3237665454545455,-0.7330436363636363,0.0,0.0,0.0,0.979217,-1e-06,0.0,0.0,0.0,0.0,0.0,0.0,0.0,0.0,0.941923,0.925961,0.877956,0.823175,-0.736899,1.282508,1.273905,1.21244,5.752983,1.04825,2.019128,-0.471053,0.0,0.0,0.0,0.806348,0.0,0.0,0.0,0.0,0.0,-0.551744,0.52092,-4e-06,1e-06,0.0,0.8011775454545454,-0.47009690909090907,0.0,-0.13704036363636363,0.0,0.0,0.0,0.0,0.0,0.0,0.08562936363636363,0.08417827272727273,0.079814,0.0,-0.736899,0.11659063636363637,0.11581118181818183,0.11022345454545456,0.5229984545454546,0.5717718181818182,0.8260069090909089,-0.471053,-0.8119036363636364,0.0,-0.5907229090909091,0.7330436363636363,0.0,0.0,0.0,-0.6849463636363636,-0.24969663636363634,-0.551744,-0.04735663636363636,-0.5150938181818181,-0.12188472727272727,0.0,0.0,-1.034212,0.0,-0.753722,0.0,0.0,0.0,0.0,0.0,0.0,0.0,0.0,-0.877958,-0.823175,-0.736899,-2e-06,0.0,0.0,-1.150597,0.524124,0.0,-0.471053,-0.893094,0.0,-0.812244,0.0,0.0,0.0,0.0,-0.753441,-0.686666,-0.551744,-0.520922,-1.133205,-0.446913,0.0,1.5762278325477441,4.026171644112873,0.0,115811.18181818184,0.3848716721892843,0.4073500324798718,0.3962702695226634,1.5707963267948966,1.5707963267948966,1.5401474823509684,0.0,0.3961127800330011,0.5400990799307945,0.0,0.30489556124131184,0.0,0.0,0.0,0.0,0.0,0.0,0.2840004702187208,0.2791877461365706,0.4735346560791512,0.3681350514756779,0.0,0.38669104317433384,0.3840962666943844,0.36556387189993583,1.8093026030236272,0.1580299349881649,0.6087899981546107,0.0,0.26927797277433324,0.0,0.3793986578409192,0.24312306967759054,0.0,0.0,0.0,0.2271710089700148,0.3464400231740763,0.0,0.2809638595336677,0.5917931458320244,0.2087531878913905
S0027,stål_kule,stål,raw/S0027_triad_raw.csv,/home/farr97/mlOGdt/ml/datasets/raw/S0027_triad_raw.csv,torr_sand,lampelys,8,P1,A30,11,medium,synlig,0,R27,-0.2670592727272727,-0.5747230909090909,1.6536858181818181,-1.1543766363636363,-0.2817681818181818,0.5740847272727273,0.3342957272727273,-0.07809872727272729,-0.2466688181818182,-1.0876024545454546,1.0490381818181818,0.07919272727272728,-0.7353409090909092,0.7353409090909092,-1.106319,1.106319,0.0,2.331251181818182,-1.5106576363636366,1.3717860000000002,-0.5123975454545454,0.5037152727272727,0.7543264545454547,-0.025145000000000084,1.282198,-1.7781947272727272,-0.09177890909090908,0.09177890909090908,0.069509,0.6688946363636362,0.06794436363636369,-0.806348,-0.3709663636363636,0.3709663636363636,0.0,0.0,0.0,0.0,0.0,0.0,0.0,-1.106319,0.0,0.0,-2.416882,0.0,4e-06,-0.87796,0.0,-0.7369,0.0,0.636951,0.60622,3.45179,0.524124,1.009564,0.471053,0.893095,0.764599,0.812244,1.612696,0.0,0.0,0.0,0.0,2e-06,4e-06,0.520924,1.133205,0.0,0.0,-0.2670592727272727,-1.128230909090909,-0.07919272727272728,0.0,-0.7353409090909092,0.0,-1.106319,0.0,0.0,-2.416882,-0.08563081818181818,-0.8417823636363636,-1.5962884545454548,-0.22450245454545456,-0.7369,-0.23318472727272727,0.5211417272727273,0.49599672727272726,1.7781947272727272,0.0,-0.09177890909090908,0.0,0.8119034545454545,0.069509,0.7384036363636363,0.806348,0.0,-0.3709663636363636,0.0,-0.3424731818181818,-0.6242413636363636,-0.05015663636363636,0.28413909090909095,0.20604036363636366,-0.040628454545454544,0.0,-0.979218,-2.068422,-0.43556,0.0,-0.808875,0.0,-1.106319,0.0,0.0,-2.416882,-0.941925,-0.925961,-1.755917,-0.823177,-0.7369,-0.641258,0.0,0.0,-1.150597,-0.524124,-1.009564,-0.471053,0.0,0.0,0.0,0.0,0.0,-0.680105,0.0,-0.753441,-2.059998,-0.551743,0.0,-3.399597,-0.446913,0.0,3.94048767789345,-50156.63636363636,-2416882.0000000005,7.497363361713815,0.5331910774481474,0.8841339776912247,0.7300635642115086,1.5707963267948966,1.5707963267948966,1.2508522068646404,0.0,0.45739179606308883,0.5578117963265844,0.17619269525669384,0.0,0.24388498884533855,0.0,0.0,0.0,0.0,0.0,0.28400065112700645,0.2791889521819489,0.35515109318918436,0.3845048324160214,0.0,0.323529886232815,0.2576593659574947,0.24522734523420953,1.3963177834778937,0.23439537852781997,0.8391590576870934,0.21066130580104167,0.26927791247384686,0.23053527255281347,0.24490078056522102,0.3606097883042001,0.0,0.35517325261124966,0.0,0.39347172954275084,0.6481304415418663,0.1663573768260805,0.27204208504327215,1.4170156370579876,0.1347493395392821
S0038,stål_kule,stål,raw/S0038_triad_raw.csv,/home/farr97/mlOGdt/ml/datasets/raw/S0038_triad_raw.csv,torr_sand,lampelys,8,P11,A30,11,medium,synlig,0,R38,-0.9140541818181819,-1.094318090909091,1.2566986363636365,-0.16238054545454547,-0.6242420909090909,0.6744006363636363,-0.050158545454545456,0.3090549090909091,-0.5934537272727273,-0.3737360909090908,0.658134909090909,0.0,0.0,0.0,-0.10057463636363638,0.10057463636363638,0.0,1.747551,-0.9419249999999999,-0.8231750000000001,-0.5836351818181816,0.7655561818181817,-0.5747439999999999,-1.2088830000000002,1.274284,0.6264710000000001,1.4419117272727273,-0.9177857272727273,0.0,-0.29536145454545454,0.29536145454545454,0.1992649090909091,-0.1992649090909091,0.0,1.675766,0.979216,0.0,0.0,0.0,0.0,0.0,0.0,0.0,0.0,-0.805626,0.941925,-0.925961,0.0,-0.823175,-0.736902,-0.641254,-0.636948,-2.424881,-1.150597,-0.524126,2.019129,0.0,0.893093,0.0,0.0,0.0,1.095957,0.0,0.0,0.0,0.686666,0.551744,0.52092,4.532806,2e-06,0.9140541818181819,0.0,-0.658134909090909,0.0,0.0,0.0,0.0,-0.10057463636363638,0.0,0.0,-0.8056260000000001,0.9419249999999999,-1.094318090909091,0.0,-0.8231750000000001,-1.4068101818181817,-0.641254,-1.215998,-2.424881,-1.150597,-0.524126,0.9177857272727273,0.0,0.16238054545454547,0.0,-0.29536145454545454,0.0,0.1992649090909091,0.0,0.0,0.0,-0.6242420909090909,0.050158545454545456,0.0,0.3090549090909091,-0.28439881818181817,0.0,-0.979216,-1.034212,0.0,0.0,0.0,0.0,-1.106321,0.0,0.0,-0.805626,0.941925,-1.851925,0.0,-0.823175,-1.473801,-0.641254,-1.273903,-2.424881,-1.150597,-0.524126,0.0,0.0,0.0,0.0,-0.812244,0.0,0.0,0.0,0.0,0.0,-1.373335,0.0,-0.52092,-1.133202,-0.446913,914054.1818181819,0.5254083182948658,50158.545454545456,-805626.0000000001,-1215998.0,0.4130673257833932,0.8984786732388579,0.6992455011992934,1.5707963267948966,1.5707963267948966,0.8770399892892642,0.45192048268823093,0.4379187081310868,0.5217857876948077,0.0,0.0,0.0,0.0,0.3335683322446161,0.0,0.0,1.1644117316690923e-16,1.1644117316690923e-16,0.3745708808675481,0.0,1.1644117316690923e-16,0.22218340830800942,0.0,0.19204915848552945,0.0,0.0,0.0,0.5445185639289244,0.0,0.36127390666013054,0.0,0.40979738713182723,0.0,0.44333643519937643,0.0,0.0,0.0,0.48111234749244475,0.16635707530271363,0.23296250616783812,1.4415204716296923,0.2254792765146359
S0001,stål_kule,stål,raw/S0001_triad_raw.csv,/home/farr97/mlOGdt/ml/datasets/raw/S0001_triad_raw.csv,torr_sand,lampelys,12,P1,A30,4.5,liten,synlig,0,R01,0.9792170000000001,-0.9792170000000001,0.08119036363636364,-0.08119036363636364,0.2496989090909091,-0.1493817272727273,-0.1476730909090909,0.4594295454545454,0.0754678181818183,-0.7695983636363637,0.7572132727272727,-1.023317818181818,0.4746273636363636,1.017308909090909,-0.9437748181818182,0.0,0.0,0.0,0.0,0.0,0.0,0.0,0.0,0.0,-0.6275983636363637,0.6275983636363637,-1.3766781818181817,0.9056251818181817,0.471053,0.0,0.0,0.0,0.0,0.0,0.0,0.979217,1.034213,0.87112,0.0,0.0,1.730253,0.0,0.0,0.0,0.0,0.0,0.0,0.0,0.0,0.0,0.0,0.0,0.0,0.0,0.0,0.0,-0.471053,0.893094,0.0,0.0,0.0,0.0,0.0,0.0,0.0,2.746668,1.103489,1.041841,6.799206,0.893826,0.0,0.9792170000000001,-0.2820569090909091,0.47515636363636365,-0.5481614545454545,-0.07353409090909091,0.9437748181818182,0.0,0.0,0.0,0.0,0.0,0.0,0.0,0.0,0.0,0.0,0.0,0.0,-0.6275983636363637,0.0,-1.3766781818181817,-0.471053,0.08119036363636364,0.0,0.0,0.0,0.0,0.0,0.0,0.0,0.2496989090909091,0.10031718181818182,-0.04735590909090908,0.4120736363636363,0.4875414545454546,0.0,0.979217,-1.034211,0.43556,-0.753722,-0.808875,0.865127,0.0,0.0,0.0,0.0,0.0,0.0,0.0,0.0,0.0,0.0,0.0,0.0,-1.150597,0.0,-2.019128,-0.471053,0.0,0.0,0.0,0.0,0.0,0.0,0.0,0.0,2e-06,0.0,-0.520921,-1.133198,0.446913,0.0,0.19702829650674497,-0.1830069662748051,0.0,0.0,0.4048006123936546,0.37349798832882736,0.3894639155813788,1.5707963267948966,1.5707963267948966,1.5849519240194518,0.0,1.1644117316690923e-16,0.6687936153876552,0.13132628124429074,0.3520630687147869,0.24388498884533855,0.26084530348918233,0.0,0.0,0.0,0.0,0.0,0.0,0.0,0.0,0.0,0.0,0.0,0.0,0.6008796861289742,0.0,0.8167774919374086,0.0,0.26927797277433324,0.0,0.0,0.0,0.0,0.0,0.0,0.0,0.8281509587660277,0.3327144521167718,0.4329942644685849,2.166324678925081,0.1347493395392821
S0046,stål_kule,stål,raw/S0046_triad_raw.csv,/home/farr97/mlOGdt/ml/datasets/raw/S0046_triad_raw.csv,torr_sand,lampelys,12,P6,A30,11,medium,synlig,0,R46,0.1899692727272727,0.4354154545454546,-0.24954681818181818,-0.055799,0.13698954545454547,0.15047563636363637,-0.2451879090909091,-0.3928296363636363,0.4479452727272727,0.03959636363636364,0.0,-0.6181043636363637,0.9001621818181818,-0.28205781818181813,0.0,0.0,0.0,-0.4878898181818182,-0.17125872727272726,-0.6735068181818181,0.6735068181818181,0.058295454545454546,-0.11620190909090908,0.33346081818181816,0.24856981818181823,-0.5241241818181819,0.0,0.0,1.1505961818181818,-0.9670391818181818,-0.183557,0.8122439999999999,-0.7389396363636362,-0.17293672727272724,0.0,1e-06,0.0,0.0,1.133209,1.034212,0.0,0.0,0.0,0.0,0.805626,0.941923,0.925961,0.0,0.0,0.0,0.641255,0.0,0.60622,1.048249,0.0,0.0,0.0,0.0,2.301193,1.009565,0.0,0.812244,0.806348,0.0,0.0,0.686668,0.551743,1e-06,-0.446913,0.0,-0.45702818181818183,-0.2670589090909091,0.0,0.0,-0.6181043636363637,0.28205781818181813,0.0,0.0,0.0,0.0,0.6591485454545455,0.17125872727272726,0.16835654545454545,0.0,-0.6735068181818181,0.0,0.058295454545454546,-0.05790645454545454,0.27555436363636365,0.5241241818181819,0.0,0.0,0.0,-0.08119027272727274,1.1505961818181818,0.183557,0.0,0.8122439999999999,0.07330436363636363,-0.09963236363636363,-0.13698927272727274,2.7272727272988685e-07,0.1504759090909091,-0.094712,-0.48754163636363634,-0.03959636363636364,-0.837885,-1.958433,0.0,0.0,-7.932404,-1.034212,0.0,0.0,0.0,0.0,0.0,0.0,0.0,0.0,-0.823175,0.0,-0.641256,-0.636953,-2e-06,0.0,0.0,0.0,0.0,-0.893093,0.0,-1e-06,0.0,0.812244,0.0,-1.095956,-0.753441,-1.373333,-0.551743,-1.041841,-0.893827,-0.43556,-457028.1818181819,0.1665302677800098,-0.2434478081556527,-6.6158739717777815,-0.05032730434290683,0.243400078292703,0.4286549293737264,0.34856035818010656,1.5707963267948966,1.5707963267948966,1.6879272405499899,0.43757117028131964,0.6332298696687412,0.0,0.0,2.5014576568205293,0.6687936575617054,0.0,0.0,0.0,0.0,0.3258917630380871,0.3810266142305786,0.3745696673077957,0.0,0.3329906830699076,0.0,0.34586749592332716,0.1920480127433573,0.3165882438585718,0.23439560213486013,0.0,0.0,0.0,0.2692776712629886,0.5145623977402193,0.4083892853288392,0.0,1.1644117316690923e-16,0.24312306967759054,0.3304431671580675,0.30478189114450055,0.5318897128796704,0.3567952772763267,0.3141271521065952,0.13474961089982615,0.13132628124429072
S0019,stål_kule,stål,raw/S0019_triad_raw.csv,/home/farr97/mlOGdt/ml/datasets/raw/S0019_triad_raw.csv,torr_sand,lampelys,8,P6,A30,4.5,liten,synlig,0,R19,0.0,0.4208927272727273,-0.4208927272727273,0.4794624545454545,-0.9788554545454545,0.34891709090909095,-0.6072265454545456,-1.7147374545454546,2.0255269090909094,-0.7753357272727274,1.0242669090909091,0.19798181818181818,0.0,0.0,0.0,0.0,0.0,0.19493490909090913,0.25107290909090907,-0.07981418181818181,0.33495454545454545,0.24800390909090914,-0.46714909090909096,-0.1709180909090909,1.5195045454545457,-1.0832149090909093,-1.298967,1.003432090909091,-0.3636816363636364,0.2780356363636364,0.07330436363636363,-0.07330436363636363,0.06182772727272727,-0.06182772727272727,0.0,0.0,0.0,0.0,0.0,0.0,0.0,0.0,0.0,0.0,0.0,0.0,0.925964,0.877956,0.823175,0.7369,1.282511,1.273903,0.60622,4.602386,0.524124,1.009565,0.471053,0.0,0.0,0.0,0.806348,0.0,0.680105,0.0,0.753441,0.0,0.0,-0.52092,-1.133202,-0.446913,0.0,0.0,-1.2222487272727274,-0.19798181818181818,0.0,0.0,0.0,0.0,0.0,0.0,-0.3661936363636364,-0.17125872727272726,0.4208927272727273,0.07981418181818181,0.0,0.33495454545454545,0.5829584545454546,0.11580936363636364,-0.05510872727272727,1.4643958181818184,0.38118090909090907,-0.9177860909090909,0.085646,0.0,-0.2780356363636364,0.0,0.07330436363636363,0.0,0.06182772727272727,0.0,0.4794624545454545,-0.49939300000000003,-0.15047590909090908,-0.7577024545454546,-2.4724399090909093,-0.446913,0.0,0.0,-2.068422,-0.43556,0.0,0.0,0.0,0.0,0.0,0.0,-0.805626,-0.941923,0.0,0.0,-0.823175,0.0,-2e-06,-0.636951,-0.606216,0.0,-2e-06,-2.019129,0.0,0.0,-0.764598,0.0,0.0,0.0,0.0,0.0,0.0,-1.373331,-0.551746,-1.041841,-3.399605,-0.446913,0.0,-0.0,-150475.9090909091,-366193.6363636364,-0.4165285489283382,0.7109838018066006,0.46333345796135633,0.6000732704002885,1.5707963267948966,1.5707963267948966,1.5444789960830743,0.0,0.0,0.6236529094323365,0.22746379148419127,0.0,0.0,0.0,0.0,0.0,0.0,0.42072445697089506,0.3810266142305786,0.48356892785808536,0.264713694040115,0.3681350514756779,0.3848334740212612,0.3458672936695124,0.4781957873556129,0.3269696737830867,1.4636482284687682,0.24481829976595074,0.9529076710754778,0.19055032068773853,0.0,0.3857587899771754,0.0,0.24312306967759054,0.0,0.20505937300405994,0.0,0.3801298047852506,0.44404579298018354,0.2577197399690037,0.2720419457772509,0.8507592383884474,0.0
S0044,stål_kule,stål,raw/S0044_triad_raw.csv,/home/farr97/mlOGdt/ml/datasets/raw/S0044_triad_raw.csv,torr_sand,lampelys,12,P4,A30,11,medium,synlig,0,R44,-0.10186809090909092,-0.7479215454545454,0.6823901818181817,0.10658154545454546,-0.0502829090909091,0.13711363636363638,-0.13926654545454545,-0.25748790909090913,0.3677202727272727,0.07919272727272728,0.0,-0.3090549090909091,0.3090549090909091,0.0,0.0,0.0,0.40229818181818183,0.08562936363636363,-0.08562936363636363,0.14966827272727273,-0.08267745454545455,0.28278454545454546,-0.17605845454545455,-0.06349400000000001,-0.39610836363636365,0.32870845454545455,-0.042823,-0.8133872727272727,1.4409904545454544,-0.5358238181818181,-0.7868684545454545,0.6212487272727273,0.5136665454545455,-0.43982618181818184,0.0,0.0,0.0,0.0,1.133202,1.034212,0.0,0.0,0.0,1.10632,0.0,0.941923,-0.925961,0.0,0.823176,0.736899,1.923766,1.273907,1.21244,0.524126,0.471053,0.0,0.0,0.0,5.752991,1.009566,0.0,0.0,0.806348,0.0,0.0,0.686666,0.551744,0.520922,0.0,0.0,-0.07617136363636363,-0.17803945454545456,0.0,0.0,-0.3090549090909091,0.0,0.0,0.0,0.0,0.40229818181818183,0.0,0.08562936363636363,-0.9259609999999999,0.0,0.14966827272727273,0.06699081818181818,0.34977536363636363,0.1737169090909091,0.11022290909090908,-0.28588545454545455,0.042823,0.0,-0.8133872727272727,-0.2435708181818182,0.6276031818181818,0.09177936363636365,-0.6950890909090909,-0.07384036363636363,0.43982618181818184,0.0,-0.13698927272727274,-0.18727218181818184,-0.050158545454545456,-0.1894250909090909,-0.446913,-0.07919272727272728,-0.837885,-0.979217,0.0,0.0,-3.399605,-1.034212,0.0,0.0,0.0,0.0,0.0,0.0,-0.925961,0.0,0.0,0.0,0.0,2e-06,-0.606218,-0.524124,0.0,0.0,-0.99414,-0.893093,-2.301193,-1.009564,-0.764598,-0.812244,0.0,0.0,-0.753441,-2.059999,-0.551744,-0.52092,-0.893826,-0.43556,-0.18934009085504208,0.5450084539726349,0.1622970749733865,0.0,0.27679374058287465,0.2896191750698422,0.335692558238092,0.3135033972898625,1.5707963267948966,1.5707963267948966,1.5021404127738174,0.25263183295153946,0.3961127800330011,0.0,0.0,1.3495008690207246,0.801097170489573,0.0,0.0,0.0,0.5581660748884364,0.0,0.2840004702187208,1.1644117316690923e-16,0.0,0.3329908853299414,0.22218340830800942,0.5990597739572026,0.41189743376196325,0.4551232024516998,0.36036292972262385,0.14202782339738929,0.0,0.4021494307615245,0.4171631745228282,2.0815080751433475,0.7073507968312854,0.23053497104146892,0.24490078056522105,0.4211015091736951,0.0,0.30478189114450055,0.6928806049297119,0.29758858313193526,0.35120470474680565,0.1998655696056727,0.17619269525669384
S0052,stål_kule,stål,raw/S0052_triad_raw.csv,/home/farr97/mlOGdt/ml/datasets/raw/S0052_triad_raw.csv,torr_sand,lampelys,12,P12,A30,11,medium,synlig,0,R52,0.03670745454545454,0.8853558181818182,-0.32774909090909093,0.03808690909090909,-0.543606090909091,0.29766409090909096,-0.06949427272727282,0.11463563636363644,0.40628454545454545,0.0,0.0,-1.3392306363636364,0.4930571818181819,0.8461734545454545,0.0,0.0,0.0,0.08562936363636363,-0.08562936363636363,-0.6735068181818181,0.6735068181818181,-1e-06,-0.5211403636363636,-0.029967909090909073,0.6940524545454545,-0.1429431818181818,0.0,0.0,-9.0909090921798e-08,0.9177860909090909,-0.917786,-0.07384036363636363,0.4403621818181818,-0.36652181818181817,-0.837885,0.0,0.0,0.0,1.133209,0.0,0.0,0.0,0.0,0.0,0.0,0.941923,0.925961,0.0,0.0,0.0,-1e-06,0.636953,-2e-06,0.524125,0.0,0.0,0.0,0.0,2.301193,2.01913,0.0,0.0,0.806348,0.0,0.0,0.686666,2e-06,-1e-06,0.0,0.43556,-0.837885,-0.8011775454545454,0.0,0.0,-1.3392306363636364,-0.8461734545454545,0.0,0.0,0.0,0.0,0.0,0.08562936363636363,0.08417827272727273,0.0,-0.6735068181818181,0.0,-1e-06,-0.5211413636363637,-0.5511092727272727,0.1429431818181818,0.0,0.0,0.0,-0.2435708181818182,-9.0909090921798e-08,0.917786,0.0,-0.07384036363636363,0.36652181818181817,0.0,-0.2054839090909091,-0.74909,-0.45142590909090907,-0.5209201818181819,-0.40628454545454545,0.0,-0.837885,-1.958434,0.0,0.0,-5.666,-2.068424,0.0,0.0,0.0,0.0,0.0,0.0,0.0,0.0,-0.823175,0.0,-1e-06,-0.636951,-0.60622,0.0,0.0,0.0,0.0,-0.893093,-1.150597,0.0,0.0,-0.812244,0.0,0.0,-0.753441,-2.746664,-0.551743,-1.041841,-0.446913,-0.43556,-837885.0,0.5995094335147486,0.33707879278765823,0.0,-573255.5000080129,0.5355924784905418,0.3365518047429687,0.4472842610082489,1.5707963267948966,1.5707963267948966,1.4901084838318868,0.0,0.5904900686068079,0.0,0.0,1.5879531082900573,0.7764420986345811,0.0,0.0,0.0,0.0,0.0,0.2840004702187208,0.2791877461365706,0.0,0.3329906830699076,0.0,0.0,0.38409644760093076,0.18278160428724274,0.24481845546519493,0.0,0.0,0.0,0.4171631745228282,0.8912483456403669,0.5445187998984057,0.0,0.24490078056522105,0.4211015091736951,0.0,0.35193181379280125,0.7801774303768342,0.22319143734939947,0.23296250616818928,0.1347493395392821,0.19478835365596167
S0037,stål_kule,stål,raw/S0037_triad_raw.csv,/home/farr97/mlOGdt/ml/datasets/raw/S0037_triad_raw.csv,torr_sand,lampelys,8,P10,A30,11,medium,synlig,0,R37,-1.1049419090909092,-0.6589020909090908,1.494292909090909,-0.568331909090909,-0.6242427272727272,0.47376799999999997,0.0084053636363636,-0.37302227272727273,0.5150916363636364,0.47009618181818175,-0.6284816363636363,-0.2527356363636364,0.41112109090909094,0.0,-0.4022985454545455,0.4022985454545455,0.0,0.9532121818181818,-0.5137772727272728,-1.2721800909090908,0.26731681818181796,0.7716789090909092,0.7543287272727274,-0.5762552727272728,0.15971045454545452,0.03834500000000003,-0.7853942727272728,0.6852728181818182,-0.04282309090909091,-0.22152109090909092,0.22152109090909092,0.1992649090909091,-0.1992649090909091,0.0,1.675766,0.0,2.068422,0.0,0.0,0.0,0.865127,0.0,0.0,0.0,0.0,0.941925,-0.925961,0.0,-0.823175,-0.7369,0.641254,1.273903,0.0,2.301193,0.524126,0.0,0.471054,0.893093,0.0,0.0,0.0,1.095957,0.0,0.0,0.0,0.0,2e-06,0.0,1.133202,0.0,0.837883,-0.26705890909090907,0.47009618181818175,-0.15838545454545455,-0.41112109090909094,0.0,0.0,-0.4022985454545455,0.0,0.0,-0.43943490909090904,0.5137772727272728,-0.9259609999999999,0.0,-1.2721800909090908,-1.0048632727272728,-0.23318436363636366,0.5211443636363637,-0.05511090909090909,0.10459954545454543,0.14294454545454546,-0.6424497272727273,0.04282309090909091,0.568331909090909,0.0,-0.22152109090909092,0.0,0.1992649090909091,0.0,0.0,0.0,-0.6242427272727272,-0.15047472727272726,-0.14206936363636366,-0.5150916363636364,0.0,0.0,-0.979216,0.0,-0.43556,-0.753722,0.0,-0.865127,-1.106321,0.0,0.0,-0.80563,0.0,-0.925961,0.0,-1.646351,-1.473799,-0.641256,0.0,-0.60622,-1.150597,0.0,-2.019129,0.0,0.0,0.0,-0.812244,0.0,0.0,0.0,0.0,0.0,-2.059999,-1.103485,-1.041843,-6.79921,0.0,837883.0000000001,-1.10336292094754,0.3660116121787904,-439434.90909090906,521144.36363636376,0.42351302501936605,0.4683893138702146,0.4465153030461915,1.5707963267948966,1.5707963267948966,1.0950520385663423,0.37471266903829126,0.45739117326364187,0.7110737184818208,0.2197508999009395,0.3936184770067215,0.0,0.5471543570616979,0.5581665794134155,0.0,0.0,0.42072612811791343,0.49190428825821203,1.1644117316690923e-16,0.0,0.4298896455569625,0.37178395258082103,0.43233419461228667,0.3840969450977898,0.18278220730993186,1.2017590066948833,0.24481822191673705,0.8167776941976429,0.14202812490873384,0.45058772716785234,0.0,0.3793986578409192,0.0,0.44333643519937643,0.0,0.0,0.0,0.6481301622310277,0.3567955162638934,0.3368640286709974,2.1717086270985466,0.0
S0050,stål_kule,stål,raw/S0050_triad_raw.csv,/home/farr97/mlOGdt/ml/datasets/raw/S0050_triad_raw.csv,torr_sand,lampelys,12,P10,A30,11,medium,synlig,0,R50,0.5598145454545455,-0.5438007272727272,-0.16835654545454545,0.0,0.8115138181818181,-1.2629395454545453,0.9723467272727273,-0.31777872727272727,-0.1635459090909091,-0.03959636363636364,0.0,1.648294272727273,-1.5542750000000003,-0.09401927272727272,0.0,0.0,-1.10632,0.941923,-0.941923,-0.8231750000000001,0.8231750000000001,0.0,-0.4053339090909091,-0.03555390909090905,0.965012818181818,-0.524125,0.0,0.0,-1.2551965454545455,2.356539909090909,-1.1013433636363636,0.0,-0.43982618181818184,0.43982618181818184,0.837885,0.979217,0.0,0.0,6.79921,1.034212,0.0,0.0,0.0,-1.10632,0.0,0.941923,0.925961,0.0,-0.823175,0.0,0.0,0.636951,-2e-06,0.524125,0.0,0.0,0.0,0.0,0.0,2.01913,0.0,0.0,0.0,0.0,0.0,2.059999,2e-06,1.041841,0.446913,0.43556,0.15234272727272727,0.7121572727272727,0.0,0.0,1.648294272727273,0.09401927272727272,0.0,0.0,0.0,-1.10632,0.0,0.941923,0.16835654545454545,0.0,-0.8231750000000001,0.0,0.0,-0.4053339090909091,-0.44088781818181816,0.524125,0.0,0.0,0.0,0.0,-1.2551965454545455,1.1013433636363636,0.0,0.0,-0.43982618181818184,0.0,0.0,0.8115138181818181,-0.4514257272727273,0.520921,0.20314227272727273,0.03959636363636364,0.0,0.0,0.0,0.0,1.133202,-1.034212,0.0,0.0,0.0,-1.10632,0.0,0.941923,0.0,0.0,-0.823175,0.0,0.0,-0.636953,-0.60622,0.524125,0.0,0.0,0.0,0.0,-2.301193,0.0,0.0,0.0,-0.806348,0.0,0.0,0.686665,-0.551743,1e-06,0.0,0.0,-0.13770235101514777,0.0,-0.27387430804542523,0.0,0.3229249104322825,0.561986110799363,0.536456652635228,0.5493696974205929,1.5707963267948966,1.5707963267948966,1.1820671469289141,0.3389411710560082,0.45739129003864754,0.0,0.0,1.708365479411715,0.7246196550352592,0.0,0.0,0.0,0.0,0.0,0.0,0.3745696673077957,0.0,1.1644117316690923e-16,0.0,0.0,0.4294331395717975,0.28316404375902604,0.0,0.0,0.0,0.0,0.0,0.6205855342206043,0.8391599654552488,0.0,0.0,0.4211015091736951,0.0,0.0,0.4140756904412087,0.2231918418688689,0.2329625061678381,0.23339270236838636,0.13132628124429072
S0032,stål_kule,stål,raw/S0032_triad_raw.csv,/home/farr97/mlOGdt/ml/datasets/raw/S0032_triad_raw.csv,torr_sand,lampelys,8,P5,A30,11,medium,synlig,0,R32,-0.3560788181818182,-0.4015280909090909,1.2447494545454545,-0.21316399999999996,-0.8357973636363636,0.5116601818181817,0.14487281818181816,-0.40376799999999996,0.14653999999999998,1.1027061818181816,-1.098577818181818,0.15838545454545455,0.7353409090909092,-0.8139888181818183,0.07864790909090909,0.0,0.0,0.4889941818181818,0.136368,-0.9278896363636363,0.44900454545454543,-0.349776,-1.1557459090909092,-0.7540223636363637,0.16755063636363632,1.4249254545454546,0.11639745454545458,0.4650245454545454,0.08564618181818182,0.07384036363636363,-0.6602752727272726,0.586434909090909,0.0,-0.8133880909090909,0.0,0.0,2.068422,0.0,0.0,0.808875,0.865127,0.0,0.0,0.0,4e-06,1.883846,0.0,0.877956,0.0,0.0,1.282507,-0.636951,-1.212437,3.45179,-0.524124,0.0,-0.0,0.893095,0.0,0.812244,0.0,0.0,0.0,0.0,0.753441,0.0,0.551743,0.520922,3.399605,0.0,0.0,-0.3560788181818182,0.9401923636363635,-0.15838545454545455,0.0,0.7353409090909092,-0.07864790909090909,0.0,0.0,0.0,-0.14647709090909092,0.3425170909090909,-0.7576069090909091,0.47888509090909087,-0.44900454545454543,0.0,-0.349776,-1.505521909090909,-2.2595442727272728,-2.0919936363636364,-0.6670681818181818,-0.5506707272727273,-0.08564618181818182,0.48714254545454544,0.0,0.07384036363636363,-0.586434909090909,0.0,0.0,-0.8133880909090909,0.2739785454545455,-0.5618188181818181,-0.05015863636363636,0.09471418181818181,-0.30905381818181815,-0.16251381818181818,0.0,-1.958433,0.0,-0.43556,0.0,0.0,-0.865127,0.0,0.0,0.0,-0.805626,-2e-06,-0.925964,0.0,-0.823175,0.0,-1.282511,-2.54781,-2.424877,-4.602386,-1.048252,-1.009563,-0.471054,0.0,0.0,0.0,-0.806348,0.0,0.0,-0.994141,0.0,-2.060001,-0.551743,-1.04184,-6.799202,-0.446913,0.0,-1.576243660615823,-50158.63636363636,0.18008288125814637,-1505521.9090909092,0.40264016804333963,0.8884174018273432,0.6897117458734539,1.5707963267948966,1.5707963267948966,1.034668013118463,0.0,0.6601877240098938,0.724619032236288,0.2197508999009395,0.0,0.24388498884533855,0.46661480353058976,0.0,0.0,0.0,0.32589194282689915,0.635044572795399,0.3745708808675481,0.45849756753672194,0.4298891233239947,0.0,0.664163634461418,0.5153199117657797,0.39202416050776534,1.9807768164723292,0.2448193118158035,0.5272270817388065,0.19055072520765598,0.46640347835996326,0.0,0.24490078056522105,0.3766446399760534,0.0,0.0,0.402149835281442,0.3801298047852506,0.600052439729532,0.29758801006266117,0.4552132431443132,2.538516913652569,0.22547877198876976
S0021,stål_kule,stål,raw/S0021_triad_raw.csv,/home/farr97/mlOGdt/ml/datasets/raw/S0021_triad_raw.csv,torr_sand,lampelys,8,P8,A30,4.5,liten,synlig,0,R21,0.08901963636363636,0.33187309090909095,-0.4208927272727273,0.0,0.6866651818181819,-0.48602936363636373,-0.29534763636363637,0.40376636363636365,-0.3090545454545454,-0.8461721818181819,0.8065758181818182,0.7933183636363635,-0.7537219999999999,0.0,-1.0057445454545455,1.0057445454545455,0.0,-2.344748,0.7532194545454546,-0.3891107272727272,-0.5202402727272728,0.20354318181818187,0.2347445454545454,-0.1541538181818182,0.6995737272727274,-0.2185040909090909,-1.0130810909090908,0.9606091818181818,-0.11233209090909091,0.0695089090909091,0.0,0.0,0.0,0.0,0.0,0.979216,0.0,0.0,0.753722,0.0,0.0,0.0,0.0,0.0,2.416882,0.941923,0.925964,0.877956,0.0,0.0,0.641256,0.636948,0.60622,5.752983,0.524124,0.0,0.471054,0.0,0.0,0.0,0.806348,0.0,0.0,0.0,0.0,2.746664,1.103489,0.520922,5.666004,0.446913,0.0,0.08901963636363636,-0.8461721818181819,-0.03959636363636364,0.7537219999999999,0.0,0.0,-1.0057445454545455,0.0,0.0,1.830971090909091,-0.5137769090909091,0.4208927272727273,0.23944254545454544,-0.1496681818181818,-0.6699084545454546,-0.4663652727272727,-0.23162072727272728,-0.3857745454545455,0.31379918181818184,0.09529509090909093,-0.917786,0.042823181818181816,0.0,-0.0695089090909091,0.0,0.0,0.0,0.0,0.0,0.0,0.6866651818181819,0.20063581818181817,-0.0947118181818182,0.3090545454545454,0.0,0.0,-0.979216,-3.102632,-0.43556,0.753722,0.0,0.0,-1.106319,0.0,0.0,1.611252,-1.883846,0.0,0.0,-0.823175,-1.473799,-1.923763,-1.273907,-1.21244,-5.752983,-0.524126,-3.028694,-0.471053,0.0,-0.764598,0.0,-0.806348,0.0,0.0,0.0,0.0,-2.746666,-0.551741,-1.04184,-7.932411,-0.446913,0.0,0.0,0.2661930419820255,1830971.090909091,3.3322931203381696,0.41489745753548884,0.5538474894160341,0.48932961375838313,1.5707963267948966,1.5707963267948966,1.5160798704753167,0.0,0.5281498340174449,1.0152327427637289,0.13132628124429072,1.1644117316690923e-16,0.0,0.0,0.3335677292219269,0.0,0.0,0.3763080948864786,0.7725652473810163,0.48356892785808536,0.4100926914121644,0.3329906830699076,0.3974539995303516,0.6470583309588233,0.5153195072486759,0.4904552298174347,2.9149364992249427,0.3160590558960317,0.9529076614440667,0.2540674313503477,0.0,0.23053497104146892,0.0,0.5099792533442905,0.0,0.0,0.0,0.0,1.373332550000095,0.4463826836773169,0.39108494583193004,3.4776880730315467,0.2826525991877662
S0023,stål_kule,stål,raw/S0023_triad_raw.csv,/home/farr97/mlOGdt/ml/datasets/raw/S0023_triad_raw.csv,torr_sand,lampelys,8,P10,A30,4.5,liten,synlig,0,R23,0.8901983636363636,-0.8901983636363636,0.7307140909090909,-0.7307140909090909,-0.7490907272727273,0.7992505454545454,-0.14487099999999997,-0.6264170909090909,0.6398713636363637,0.17527527272727278,-0.05442200000000007,-0.10811654545454545,0.06852018181818181,0.0,0.0,0.0,0.0,0.5735191818181818,0.08562936363636363,-0.8231750000000001,1.426093181818182,-1.4190632727272727,0.2370987272727273,-0.08228454545454544,-0.6984652727272728,1.169205090909091,-0.08474381818181817,-0.1957189090909091,1.166142909090909,-0.6950890909090909,0.21991309090909092,-0.21991309090909092,0.0,0.0,0.0,0.979218,1.03421,0.43556,0.0,0.0,0.0,0.0,0.0,0.0,0.0,0.0,0.0,0.0,-0.823175,0.7369,-0.641254,0.0,-0.60622,1.150597,0.0,1.009565,-0.471053,0.893095,0.764598,0.0,0.806348,0.0,0.0,0.0,0.0,0.0,0.551746,2e-06,1.133202,0.0,0.0,0.8901983636363636,0.0940183636363637,0.03959636363636364,-0.06852018181818181,0.0,0.0,0.0,0.0,0.0,-0.6591485454545455,-0.08562936363636363,0.0,0.0,-0.8231750000000001,0.6029181818181818,-0.8161450909090909,-0.5790463636363636,-0.6613309090909091,-1.3597961818181818,-0.1905910909090909,-0.2753349090909091,-0.4710538181818182,0.7307140909090909,0.6950890909090909,0.0,0.21991309090909092,0.0,0.0,0.0,0.0,-0.7490907272727273,0.05015981818181817,-0.09471118181818182,-0.7211282727272728,-0.08125690909090909,0.0,2e-06,-1.034212,-0.43556,-0.753722,0.0,0.0,0.0,0.0,0.0,-0.805626,-0.941923,0.0,0.0,-0.823175,0.0,-1.923765,-0.636951,-1.21244,-4.602386,-0.524126,-1.009563,-0.471054,0.0,0.0,0.0,-0.806348,0.0,0.0,0.0,0.0,-2.746666,-0.551743,-1.041841,-7.932411,-0.446913,0.0,-1.013294211083657,-0.7320551245769266,-659148.5454545455,-0.8330522492113841,0.36823530771878576,0.559576472934917,0.47366817019567126,1.5707963267948966,1.5707963267948966,1.1091427932134408,0.0,0.29524473279205943,0.9761708602783912,0.2349235936755918,0.22725573365784116,0.0,0.0,0.0,0.0,0.0,0.3258917630380871,0.2840004702187208,0.0,0.0,1.1644117316690923e-16,0.29809072718949786,0.4146796040145824,0.19204795244015113,0.18278220730993186,1.3436072717489154,0.2644344069388303,0.7937649399848111,4.045199174671221e-07,0.3612747156999655,0.23053497104146892,0.0,0.5214408923775454,0.0,0.0,0.0,0.0,0.7171995769749298,0.3865790131051654,0.3141274234672351,2.444813939250514,0.18078520987982094
S0013,stål_kule,stål,raw/S0013_triad_raw.csv,/home/farr97/mlOGdt/ml/datasets/raw/S0013_triad_raw.csv,torr_sand,lampelys,12,P13,A30,4.5,liten,synlig,0,R13,0.4450986363636364,-0.86599,0.014940545454545484,0.20046690909090906,-0.04421227272727271,-0.25188936363636366,0.5489406363636364,-0.45943154545454545,0.41207563636363637,2.350482090909091,-2.192095818181818,0.3212558181818182,0.32923372727272726,-0.7302271818181818,-0.07864781818181818,0.0,0.0,-0.012388454545454536,0.08562936363636363,0.5986737272727273,-1.0676094545454546,0.4689352727272727,-0.3474293636363636,-0.14857036363636372,-0.3407972727272726,0.503263,1.4348769999999997,-1.4011035454545453,0.299761,0.0,0.0,0.0,0.0,0.0,0.0,0.979217,3.102635,0.43556,0.753722,0.808875,0.865126,0.0,0.0,0.0,-2e-06,0.941923,0.0,0.0,0.823176,0.0,0.641255,-2e-06,-2e-06,1.150597,-1e-06,2.019128,0.0,1e-06,0.0,0.0,0.0,0.0,0.0,0.0,0.0,0.686668,0.0,0.52092,3.399601,0.446913,0.0,0.4450986363636364,2.3504812727272726,0.15838545454545455,0.47964127272727275,0.808875,0.07864781818181818,0.0,0.0,0.0,-0.07324090909090909,-0.08562936363636363,-0.42089136363636365,0.0,0.5986737272727273,-0.46893572727272725,-4.5454545453797575e-07,-0.3474298181818182,-0.4960001818181819,-0.8367974545454545,-0.3335344545454545,1.1013425454545454,-0.299761,-0.40595081818181816,0.0,0.0,0.0,0.0,0.0,0.0,-0.2054839090909091,-0.24969618181818182,-0.5015855454545455,0.047355090909090916,-0.41207645454545455,-8.181818181793859e-07,0.0,-0.979217,1.034212,-0.43556,0.0,0.808875,0.0,0.0,0.0,0.0,-0.80563,-0.941923,-0.925961,0.0,1e-06,-0.736899,-1.282511,-0.636953,-0.606222,-3.45179,-0.524125,0.0,-0.471053,-0.893093,0.0,0.0,0.0,0.0,0.0,0.0,-0.753441,-2.746666,-1.103489,-0.520921,-7.932411,-0.446914,0.0,0.9851370997809314,-1.0457492468345253,-73240.9090909091,-347429.8181818182,0.6458687496736704,0.4131194673523201,0.5421319655353735,1.5707963267948966,1.5707963267948966,1.3597133537975459,0.0,0.6732622649905864,0.8131439926859314,0.29365449209448974,0.3802715763043804,0.0,0.26084530348918233,0.0,0.0,0.0,0.24290598150949455,0.5080354856407714,0.4835673611591818,0.0,0.384504521016097,0.37178395258082103,0.5735561319718173,0.3326368111159131,0.24522806437347996,1.4636483713988389,0.2644336501507944,0.9529070739269767,0.23765800498447343,0.466403130204294,0.0,0.0,0.0,0.0,0.0,0.0,0.35193181379280125,0.9351143047296215,0.297588785391978,0.28096358985407865,2.741912570873636,0.19986579321275472
S0053,stål_kule,stål,raw/S0053_triad_raw.csv,/home/farr97/mlOGdt/ml/datasets/raw/S0053_triad_raw.csv,torr_sand,lampelys,12,P13,A30,11,medium,synlig,0,R53,0.34231209090909087,0.603771909090909,-0.3367130909090909,0.0,1.818181818181818e-07,-0.2507913636363637,0.34550445454545453,-0.29785554545454546,0.1635459090909091,0.03959636363636364,0.0,0.10302181818181816,-0.5731181818181817,0.4700963636363636,0.0,0.0,-1.10632,0.8439033636363635,-0.7706642727272727,0.0,0.0,0.11659163636363636,-0.058686454545454535,-0.5539042727272727,0.8771805454545454,-0.38118145454545455,0.0,0.1807527272727273,-0.18075554545454545,0.9177890909090909,-0.7787684545454545,-0.1390178181818182,0.2932174545454545,-0.2932174545454545,0.0,1e-06,0.0,0.0,1.133209,1.034212,0.0,0.0,0.0,-1.10632,0.0,0.941923,0.925961,0.0,0.0,0.0,0.641255,0.636953,-2e-06,0.524125,0.0,0.0,0.99414,0.0,2.301193,2.01913,0.764598,0.0,0.806348,0.0,0.0,0.686666,2e-06,0.520921,0.0,0.0,-0.6093709090909091,-0.2670588181818182,0.0,0.0,0.10302181818181816,-0.4700963636363636,0.0,0.0,0.0,-1.10632,-0.0732390909090909,0.7706642727272727,0.3367130909090909,0.0,0.0,0.0,0.11659163636363636,0.05790518181818182,-0.4959990909090909,0.38118145454545455,0.0,0.0,0.1807527272727273,0.0,-2.818181818170565e-06,0.9177862727272728,0.1390178181818182,0.0,0.2932174545454545,0.0,0.0,1.818181818181818e-07,-0.25079118181818183,0.09471327272727272,-0.20314227272727273,-0.03959636363636364,-0.837885,-0.979217,0.0,0.0,-1.133194,-1.034212,0.0,0.0,0.0,-1.10632,-0.80563,0.0,0.0,0.0,0.0,0.0,-1e-06,-2e-06,-0.606222,-1e-06,0.0,0.0,0.0,0.0,-1.150604,0.0,0.0,0.0,0.0,0.0,0.0,-0.686666,-0.551743,0.0,-0.446913,-0.43556,0.5508094040605911,-0.0,-2.434326552546612,-73239.09090909091,-31847.85000019711,0.34369548272503064,0.3323196273646524,0.33805540934688005,1.5707963267948966,1.5707963267948966,1.356901335930254,0.3913755526972666,0.45739165982575986,0.0,0.0,0.611204177987163,0.7110741680347097,0.0,0.0,0.0,0.0,0.24290658453218372,0.3810266142305786,0.46717045418122377,0.0,0.0,0.0,0.25940050957593463,0.19204843486205148,0.24522752501522113,0.24481886417731932,0.0,0.0,0.4021494307615245,0.0,0.8912501530390688,0.8391599217073097,0.309295119863802,0.0,0.4068227078549976,0.0,0.0,0.3070863707681662,0.2881394288558295,0.210722740146426,0.23339270236838636,0.13132628124429072
S0034,stål_kule,stål,raw/S0034_triad_raw.csv,/home/farr97/mlOGdt/ml/datasets/raw/S0034_triad_raw.csv,torr_sand,lampelys,8,P7,A30,11,medium,synlig,0,R34,0.0367102727272729,-1.0507482727272728,1.851925,-0.753441,0.6285908181818183,0.07469163636363635,0.23958409090909094,0.11962945454545454,-0.2684265454545455,-0.04062881818181815,0.07919309090909088,-0.35327345454545456,0.27408072727272725,0.0,0.0,0.0,0.0,-0.42814772727272726,-0.4498082727272727,0.877956,-0.7369,-0.07924154545454543,0.17918654545454538,0.6920651818181819,-1.3103068181818183,1.302844090909091,-0.5065395454545455,0.4588920909090909,-0.4865623636363636,0.4865623636363636,0.0,-1.095957,1.095957,0.0,-0.837887,0.0,1.03421,0.43556,0.0,0.0,0.0,0.0,0.0,0.0,0.0,0.0,-1.851925,-0.877956,0.0,-0.7369,-0.641254,-0.636955,0.606216,-1.150597,0.524124,1.009565,0.0,0.0,0.0,0.0,0.0,-1.095957,0.0,0.0,-0.753441,0.686666,0.551743,1.041841,3.399605,0.446913,-0.8378870000000002,-0.8011767272727273,-3.636363636064485e-07,0.07919272727272728,-0.27408072727272725,0.0,0.0,0.0,0.0,0.0,0.0,-0.42814772727272726,-1.851925,-0.877956,0.0,-0.7369,-0.8161415454545454,-0.636955,0.055110181818181815,-1.2551966363636364,0.047647454545454555,-0.4588920909090909,0.0,0.0,-0.4865623636363636,0.0,0.0,-1.095957,0.0,0.0,-0.753441,-0.1248501818181818,-0.050158545454545456,0.18942554545454549,0.309055,0.040628454545454544,-0.837887,-0.979216,-1.034212,0.0,-0.753722,0.0,0.0,0.0,0.0,0.0,0.0,-0.941925,-1.851925,-0.877956,0.0,-0.7369,-1.282509,-0.636955,-4e-06,-2.301193,-2e-06,-1.009563,0.0,0.0,-0.764598,0.0,0.0,-1.095957,0.0,0.0,-0.753441,-0.686668,-0.551744,0.0,0.0,0.0,-837887.0000000002,0.0,0.1830071342877338,0.0,1.3090949006712225,0.5564660916848625,0.5675586194494872,0.5620397217752645,1.5707963267948966,1.5707963267948966,1.187596065222907,1.1644117316690923e-16,0.3961123755130836,0.6540924682402746,0.17619269525669384,0.3802715763043804,0.0,0.0,0.0,0.0,0.0,0.0,0.49190428825821203,0.0,0.0,0.0,0.0,0.2995294928638459,0.0,0.1827811218730305,0.3469177470257965,0.15802939226888374,0.694127130499227,0.0,0.0,0.3857587899771754,0.0,0.0,0.0,0.0,0.0,0.0,0.4140755698366707,0.29758821232211585,0.35120443506634813,1.0250194745832881,0.1347493395392821
S0047,stål_kule,stål,raw/S0047_triad_raw.csv,/home/farr97/mlOGdt/ml/datasets/raw/S0047_triad_raw.csv,torr_sand,lampelys,12,P7,A30,11,medium,synlig,0,R47,0.07617136363636363,-0.5050696363636363,0.58626,-0.21817963636363635,0.8860807272727271,-0.5986160909090908,-0.0557629090909091,0.14905836363636366,-0.08538536363636362,-0.15838545454545455,0.0,2.987529090909091,-4.115759363636363,1.1282302727272728,0.0,0.0,-0.7040218181818182,-0.26927799999999996,0.9810323636363636,-1.3868564545454545,0.2124149090909091,-0.1636240909090909,0.5258373636363636,-0.1569492727272727,0.09242454545454545,0.2382380909090909,0.0,-0.45188181818181816,-0.3849128181818182,0.9285739090909091,-0.5783416363636363,0.412722,0.29375345454545454,-0.21991309090909092,0.0,0.979218,0.0,0.0,15.864811,1.034213,0.0,0.0,0.0,0.0,0.0,0.0,0.0,0.877958,0.0,0.0,1e-06,1.273905,0.606222,0.524126,0.471053,0.0,0.0,1.786187,4.602394,1.009566,0.0,0.0,0.806348,0.0,0.0,4.806665,1.655232,2.083681,1.340739,0.87112,-0.07617136363636363,2.6141554334635844e-18,0.0,0.0,2.987529090909091,-1.1282302727272728,0.0,0.0,0.0,-0.7040218181818182,-0.07323945454545454,-0.3425174545454545,-0.5050696363636363,0.6385149090909091,-0.7483415454545455,-0.5359266363636364,-0.6995507272727273,-0.17371336363636367,-0.33066263636363635,-0.2382380909090909,0.0,0.0,-0.45188181818181816,0.08119036363636363,-0.8367946363636364,0.09177927272727274,-0.4865623636363636,-0.07384036363636363,0.21991309090909092,0.0,-0.13698927272727274,0.7490914545454544,0.15047536363636363,0.09471245454545453,0.24377081818181817,0.15838545454545455,-0.837885,-0.979218,0.0,0.0,-5.666008,-2.068423,0.0,0.0,0.0,-1.10632,-0.80563,-0.941923,-0.925961,0.0,-0.823176,-0.7369,-1.923765,-1.273903,-1.212437,-1.04825,-0.471053,0.0,-0.99414,-0.893093,-5.752983,-1.009564,-0.764598,-0.812244,0.0,0.0,-0.753441,-1.373331,-1.103489,-1.041841,-0.446913,-0.43556,0.10819476025308652,0.33305885906716043,0.050367815237829024,-73239.45454545454,0.20759403046042638,0.804756593407666,0.42600610572143033,0.6438611561295844,1.5707963267948966,1.5707963267948966,1.0538395102379894,0.25263183295153946,0.6193116830532103,0.0,0.0,6.355485590931073,0.9761718234209684,0.0,0.0,0.0,0.5581660748884365,0.24290646392896323,0.47522368189776987,0.4835673611591818,0.4100936256108974,0.24819681213116485,0.34420511445975716,0.605267983025881,0.7030118081997305,0.6278773959793859,0.42988716851877645,0.21066130580104167,0.0,0.5191726826753923,0.7423475393839832,2.8226435414859696,0.7073508098062927,0.3857587899771754,0.24490078056522105,0.3766446399760534,0.0,0.30478189114450055,1.828507479522048,0.8217435230429593,0.9265410000309068,0.5041859019413014,0.4472811966618681
S0014,stål_kule,stål,raw/S0014_triad_raw.csv,/home/farr97/mlOGdt/ml/datasets/raw/S0014_triad_raw.csv,torr_sand,lampelys,8,P1,A30,4.5,liten,synlig,0,R14,-0.26705890909090907,0.3512374545454545,-0.08417872727272727,-0.34247299999999997,0.7794420909090909,-0.08585809090909091,-0.8246740909090909,0.16450881818181828,-0.09723209090909096,0.40628600000000004,-0.07919218181818187,0.7643945454545454,-0.6852018181818181,0.0,0.0,0.0,0.0,-0.15886845454545456,0.16544390909090909,-0.004980090909090906,-0.4097886363636364,1.034506,-0.0625969999999999,-0.19606990909090916,1.023511181818182,-1.6549866363636363,-0.9107522727272728,1.1869893636363635,-0.224664,0.1390178181818182,-0.14660872727272725,0.14660872727272725,0.0,0.0,0.0,0.0,1.03421,0.0,0.753722,0.0,0.0,0.0,0.0,0.0,0.805626,0.941923,0.925964,0.877956,0.823175,0.0,1.923767,2.54781,1.818657,9.204773,0.524124,0.0,0.471054,0.0,0.0,0.0,0.806348,0.0,0.0,0.0,0.0,1.373333,0.551746,2e-06,3.399605,-2e-06,0.0,-0.26705890909090907,-5.454545454096728e-07,-0.07919272727272728,0.6852018181818181,0.0,0.0,0.0,0.0,0.0,0.07323872727272727,-0.08562972727272727,0.08417854545454545,0.07981418181818181,0.0748340909090909,-0.33495454545454545,0.6995514545454545,0.6369544545454546,0.4408845454545455,1.4643957272727273,-0.19059090909090906,-1.1013431818181818,0.08564618181818182,-1.818181818181818e-07,-0.1390178181818182,0.0,-0.14660872727272725,0.0,0.0,0.0,-0.3424731818181818,0.4369689090909091,0.35111081818181816,-0.4735632727272728,-0.3090544545454545,-0.40628654545454546,0.0,-0.979216,-1.034212,-0.43556,-0.0,0.0,0.0,0.0,0.0,0.0,0.0,-0.941925,0.0,0.0,-0.823175,-0.7369,0.0,-0.636948,-4e-06,-1.150597,-0.524126,-2.019129,0.0,-2e-06,-0.764598,0.0,-0.806348,0.0,0.0,0.0,-0.753441,-1.373335,0.0,-1.04184,-5.666008,-0.446915,0.0,5.883065830330028e-07,0.5124188179982808,73238.72727272728,-4.581851770714466,0.28582566643960305,0.5092595734536137,0.41294165734992144,1.5707963267948966,1.5707963267948966,1.6468045465629588,0.0,0.45739117326364187,0.801096395893074,0.17619269525669384,0.22725573365784116,0.0,0.0,0.0,0.0,0.0,0.24290537848680538,0.5080361598408308,0.27918865067060433,0.264713694040115,0.44398757742654343,0.3848334740212612,0.5330174884551845,0.9007860155603398,0.6117057521395991,3.133804021352391,0.4240375090836787,0.8391595061026024,0.19055072520765598,6.030226891555272e-07,0.309295119863802,0.0,0.4862461393551811,0.0,0.0,0.0,0.39347172954275084,0.8281509813797789,0.27836942290015193,0.36498290744337364,2.6377519714621904,0.1347493395392821
